StudentID,school,sex,age,address,famsize,Pstatus,Medu,Fedu,Mjob,Fjob,reason,guardian,traveltime,studytime,failures,schoolsup,famsup,paid,activities,nursery,higher,internet,romantic,famrel,freetime,goout,Dalc,Walc,health,absences,G1,G2
1714,GP,F,18,U,GT3,T,4,3,other,other,reputation,father,1,4,0,no,yes,yes,no,yes,yes,yes,no,4,3,3,1,1,3,0,14,13
1254,GP,F,17,U,GT3,T,4,3,health,other,reputation,mother,1,3,0,no,yes,yes,yes,yes,yes,yes,yes,4,4,3,1,3,4,0,13,15
1639,GP,F,16,R,GT3,T,4,4,health,teacher,other,mother,1,2,0,no,yes,no,yes,yes,yes,no,no,2,4,4,2,3,4,6,10,11
1118,GP,M,16,U,GT3,T,4,4,services,services,course,mother,1,3,0,no,yes,no,yes,yes,yes,yes,no,5,3,3,1,3,5,0,15,13
1499,GP,M,19,U,GT3,T,3,2,services,at_home,home,mother,1,1,3,no,yes,no,no,yes,no,yes,yes,4,5,4,1,1,4,0,5,0
1634,MS,M,18,R,GT3,T,1,0,at_home,at_home,course,other,3,1,1,yes,yes,no,no,yes,yes,no,no,4,3,2,1,1,4,0,12,12
1928,GP,M,18,R,GT3,T,4,3,teacher,services,course,mother,1,3,0,no,no,no,no,yes,yes,yes,yes,5,3,2,1,2,4,9,16,15
1068,GP,F,17,U,GT3,T,4,3,other,other,reputation,mother,1,2,0,no,no,no,no,yes,yes,yes,yes,3,4,5,2,4,1,16,11,9
1882,GP,M,16,U,GT3,T,2,2,services,other,reputation,father,2,2,1,no,no,yes,yes,no,yes,yes,no,4,4,2,1,1,3,12,11,10
2027,MS,F,17,U,GT3,T,2,2,other,at_home,home,mother,1,3,0,no,no,no,yes,yes,yes,no,yes,3,4,3,1,1,3,8,13,11
1293,GP,F,18,U,GT3,T,4,4,teacher,other,course,mother,1,2,0,no,yes,yes,no,yes,yes,yes,no,4,4,4,3,3,5,2,11,11
1778,GP,F,16,U,GT3,T,4,4,health,health,reputation,mother,1,2,0,no,yes,yes,no,yes,yes,yes,yes,4,4,2,1,1,3,0,14,14
1292,MS,M,16,U,GT3,A,1,2,other,other,other,mother,1,3,0,yes,no,no,no,yes,yes,yes,no,4,4,3,1,1,5,0,10,11
1835,GP,F,17,U,LE3,T,2,2,services,other,course,mother,2,2,0,yes,yes,no,no,yes,yes,yes,yes,4,4,4,2,3,5,6,12,12
1335,GP,M,15,U,GT3,T,2,2,services,services,home,father,1,4,0,no,yes,no,yes,yes,yes,yes,no,5,5,4,1,2,5,6,14,13
1172,GP,F,18,U,GT3,T,2,2,other,other,course,mother,1,1,0,no,yes,no,yes,yes,yes,yes,yes,4,3,5,2,4,5,2,10,10
1535,GP,M,16,U,LE3,T,4,3,services,other,reputation,mother,1,2,0,no,yes,yes,yes,yes,yes,yes,no,5,4,2,1,2,5,10,15,15
1347,GP,F,16,U,GT3,T,2,3,other,other,reputation,mother,1,2,0,yes,yes,no,yes,yes,yes,no,no,4,4,3,1,3,4,4,11,12
1891,GP,M,17,U,GT3,T,4,4,teacher,teacher,course,mother,1,1,0,no,yes,no,yes,no,yes,yes,no,4,2,1,1,2,5,6,10,8
1052,MS,M,18,R,GT3,T,3,2,other,other,course,mother,2,1,0,no,yes,no,no,no,yes,yes,no,2,5,5,5,5,5,8,9,10
1125,GP,F,18,U,GT3,T,1,1,other,other,home,mother,2,2,0,yes,no,no,yes,yes,yes,yes,no,5,4,4,1,1,4,4,8,9
1161,GP,F,17,U,GT3,T,3,2,other,other,course,father,1,2,0,no,no,no,yes,yes,yes,no,no,5,4,2,1,1,3,4,14,14
1442,MS,M,20,U,LE3,A,2,2,services,services,course,other,1,2,2,no,yes,yes,no,yes,yes,no,no,5,5,4,4,5,4,11,9,9
1400,GP,F,17,U,GT3,T,1,1,at_home,other,course,father,1,2,0,no,yes,no,no,no,yes,yes,no,5,3,3,1,1,3,4,5,5
1230,GP,F,17,U,GT3,T,3,4,services,other,course,mother,1,3,0,no,no,no,no,yes,yes,yes,no,4,4,5,1,3,5,8,11,13
1877,GP,F,17,U,GT3,A,3,3,health,other,reputation,mother,1,2,0,no,yes,no,no,no,yes,yes,yes,3,3,3,1,3,3,10,12,13
1682,GP,F,18,U,GT3,T,2,2,at_home,at_home,other,mother,1,3,0,no,yes,yes,no,yes,yes,yes,no,4,3,3,1,2,2,5,18,18
1667,MS,M,17,R,GT3,T,4,3,services,other,home,mother,2,2,0,no,yes,yes,yes,no,yes,yes,yes,4,5,5,1,3,2,4,13,11
1509,GP,F,16,U,GT3,T,3,2,other,other,reputation,mother,1,2,0,no,yes,yes,no,yes,yes,yes,no,1,2,2,1,2,1,14,12,13
1011,GP,M,16,U,GT3,T,4,4,teacher,teacher,home,mother,1,2,0,no,yes,yes,yes,yes,yes,yes,yes,4,4,5,5,5,5,16,10,12
1297,GP,M,17,U,GT3,T,3,2,services,services,course,mother,2,1,3,no,yes,no,yes,no,no,no,no,4,5,2,1,1,2,10,8,7
1737,GP,F,18,U,GT3,T,3,2,other,services,other,mother,1,3,0,no,no,no,no,yes,yes,yes,yes,5,4,3,2,3,1,7,13,13
1732,GP,M,17,R,LE3,T,1,1,other,services,course,mother,4,2,3,no,no,no,yes,yes,no,no,yes,5,3,5,1,5,5,0,5,8
1430,GP,F,15,U,GT3,T,4,4,services,teacher,other,father,1,2,1,yes,yes,no,yes,no,yes,yes,no,4,4,4,1,1,3,2,7,7
2039,GP,F,17,R,LE3,T,4,4,services,other,other,mother,1,1,0,no,yes,no,no,yes,yes,no,no,5,2,1,1,2,3,6,12,11
1606,GP,F,17,U,GT3,T,4,4,services,teacher,home,mother,2,1,1,no,yes,no,no,yes,yes,yes,no,4,2,4,2,3,2,24,18,18
1287,GP,F,16,U,GT3,T,3,3,other,other,home,father,1,2,0,no,yes,yes,no,yes,yes,no,no,4,3,2,1,2,5,4,6,10
1987,GP,F,15,U,GT3,T,4,2,health,services,home,mother,1,3,0,no,yes,no,yes,yes,yes,yes,yes,3,2,2,1,1,5,0,14,14
1570,GP,F,18,U,GT3,T,3,2,other,services,other,mother,1,3,0,no,no,no,no,yes,yes,yes,yes,5,4,3,2,3,1,4,14,16
1075,GP,F,16,U,LE3,T,4,4,teacher,teacher,reputation,mother,1,2,0,no,yes,no,no,yes,yes,yes,no,4,5,2,1,2,3,0,11,10
1964,GP,M,16,U,GT3,T,3,3,other,services,course,father,1,2,1,no,yes,yes,no,yes,yes,yes,yes,4,5,5,4,4,5,4,10,12
1544,MS,M,18,U,LE3,T,4,4,services,other,reputation,mother,1,1,0,no,yes,no,yes,yes,yes,yes,no,5,4,5,1,1,5,3,17,17
1392,GP,M,15,U,GT3,T,2,2,services,services,course,father,1,1,0,yes,yes,no,no,yes,yes,yes,no,5,4,1,1,1,1,0,8,8
1730,GP,F,17,U,GT3,T,1,1,services,teacher,reputation,mother,1,3,0,no,yes,yes,no,yes,yes,yes,no,4,3,3,1,1,3,6,13,12
1181,MS,M,20,R,GT3,T,1,1,other,other,course,other,2,1,1,no,yes,no,no,yes,no,yes,yes,4,4,3,2,4,4,12,8,11
1889,MS,F,16,R,LE3,T,2,2,other,other,home,father,3,1,0,no,yes,no,yes,yes,yes,no,yes,4,3,2,1,1,4,0,14,14
1163,GP,M,18,U,LE3,T,4,4,other,other,reputation,father,1,1,0,no,yes,no,no,yes,yes,yes,no,4,2,5,3,4,5,2,8,9
1325,GP,F,17,U,GT3,T,3,2,other,other,course,mother,1,2,0,no,no,no,yes,no,yes,yes,no,5,3,4,1,3,3,2,17,18
1895,GP,M,17,U,LE3,T,1,1,health,other,course,mother,2,1,1,no,yes,no,yes,yes,yes,yes,no,4,4,4,1,2,5,0,9,10
1720,GP,M,15,U,GT3,A,4,4,other,services,reputation,mother,1,4,0,no,yes,no,yes,no,yes,yes,yes,1,3,3,5,5,3,4,13,13
1596,GP,M,15,U,LE3,T,2,2,services,health,reputation,mother,1,4,0,no,yes,no,yes,yes,yes,yes,no,4,3,4,1,1,4,2,11,12
1754,GP,F,16,U,GT3,T,2,2,services,other,reputation,mother,2,2,0,no,no,no,yes,no,yes,yes,no,3,4,4,1,4,5,0,13,12
1028,MS,F,16,R,LE3,T,2,1,other,other,home,mother,1,1,0,no,yes,no,no,yes,yes,yes,yes,5,4,3,1,1,5,2,10,8
1022,GP,F,15,U,GT3,T,1,2,at_home,other,course,mother,1,2,0,no,yes,no,no,no,yes,yes,no,4,3,2,1,1,5,6,13,12
1871,GP,M,15,U,GT3,A,2,2,other,other,home,other,1,3,0,no,yes,no,no,yes,yes,yes,yes,4,5,2,1,1,3,0,14,16
1686,GP,M,18,R,LE3,T,3,2,services,other,reputation,mother,2,3,0,no,yes,yes,yes,yes,yes,yes,no,5,4,2,1,1,4,8,14,13
1170,GP,F,16,U,LE3,T,4,3,teacher,services,course,mother,3,2,0,no,yes,no,yes,yes,yes,yes,no,5,4,3,1,2,1,2,16,15
1530,GP,F,15,R,GT3,T,1,1,at_home,other,home,mother,2,4,1,yes,yes,yes,yes,yes,yes,yes,no,3,1,2,1,1,1,2,7,10
1982,GP,F,15,U,GT3,T,4,2,health,services,home,mother,1,3,0,no,yes,yes,yes,yes,yes,yes,yes,3,2,2,1,1,5,2,15,14
1174,GP,F,17,R,GT3,T,3,4,at_home,services,course,father,1,3,0,no,yes,yes,yes,no,yes,yes,no,4,3,4,2,5,5,0,11,11
1817,GP,M,18,U,GT3,T,1,2,at_home,other,home,other,2,1,0,no,no,no,no,no,no,yes,no,3,4,4,2,4,4,10,10,10
1632,MS,M,19,R,GT3,T,1,1,other,services,other,mother,2,1,1,no,no,no,no,yes,yes,no,no,4,3,2,1,3,5,0,6,5
1137,GP,M,18,U,GT3,T,2,2,services,other,home,mother,1,2,0,no,yes,no,yes,yes,yes,yes,no,4,4,4,2,4,5,10,12,11
1115,GP,F,18,U,GT3,T,2,2,at_home,services,home,mother,1,3,0,no,yes,no,yes,yes,yes,yes,yes,4,3,3,1,1,3,0,11,12
1970,MS,F,16,R,GT3,A,2,2,health,other,course,mother,1,2,0,no,no,no,no,no,yes,no,yes,3,3,2,1,1,3,2,8,10
1108,GP,F,15,R,LE3,T,2,2,health,services,reputation,mother,2,2,0,yes,yes,no,no,yes,yes,yes,no,4,1,3,1,3,4,0,11,10
1954,GP,F,18,U,LE3,T,3,3,services,services,home,mother,1,4,0,no,yes,no,no,yes,yes,yes,no,5,3,3,1,1,1,4,14,14
1559,MS,M,17,R,LE3,T,2,2,services,services,other,mother,3,4,1,no,yes,no,no,yes,yes,no,no,1,3,5,3,5,3,2,10,8
1552,GP,F,18,U,GT3,T,3,4,other,other,course,mother,1,1,0,no,yes,no,yes,yes,yes,yes,yes,5,4,4,1,1,1,4,11,12
1291,GP,F,16,U,GT3,T,3,3,other,other,reputation,mother,3,2,0,yes,yes,no,yes,yes,yes,no,no,5,3,2,1,1,4,4,8,10
1184,GP,M,17,R,GT3,T,3,4,at_home,other,course,mother,3,2,0,no,no,no,no,yes,yes,no,no,5,4,5,2,4,5,2,10,9
1975,GP,F,17,U,GT3,T,4,4,health,health,course,mother,1,1,0,no,no,no,yes,yes,yes,yes,no,5,3,4,1,2,5,2,14,15
1223,GP,M,17,R,GT3,T,1,1,other,other,home,father,2,3,0,no,no,no,no,no,yes,yes,yes,4,3,3,1,1,1,2,13,14
1607,GP,M,16,U,LE3,T,2,1,at_home,other,course,mother,1,1,1,no,no,no,yes,yes,yes,no,yes,4,4,4,3,5,5,6,12,13
1317,GP,M,18,U,GT3,T,3,2,services,other,course,mother,2,1,1,no,no,no,no,yes,no,yes,no,4,4,5,2,4,5,0,6,8
1628,MS,F,19,U,GT3,T,1,1,other,other,course,other,2,2,1,no,yes,no,no,yes,yes,yes,yes,1,1,4,4,1,1,12,7,8
1843,GP,F,15,R,GT3,T,3,4,services,health,course,mother,1,3,0,yes,yes,yes,yes,yes,yes,yes,no,4,3,2,1,1,5,2,12,12
1580,MS,F,17,U,GT3,T,2,2,other,at_home,home,mother,1,3,0,no,no,no,yes,yes,yes,no,yes,3,4,3,1,1,3,8,10,11
1654,GP,M,16,R,GT3,T,4,2,teacher,services,other,mother,1,1,0,no,yes,no,yes,yes,yes,yes,yes,4,3,3,3,4,3,8,10,9
1893,GP,M,15,U,GT3,T,4,3,teacher,other,course,mother,2,2,0,no,yes,yes,no,yes,yes,yes,no,5,4,3,1,2,3,2,10,10
1242,MS,F,16,U,GT3,T,1,3,at_home,other,other,father,2,1,0,no,yes,no,no,yes,no,yes,yes,4,3,3,1,3,5,11,10,11
1140,MS,F,18,U,GT3,T,3,3,services,services,course,father,1,2,0,no,yes,no,no,yes,yes,no,yes,5,3,4,1,1,5,0,10,10
1453,GP,M,17,R,GT3,T,1,2,at_home,at_home,home,mother,1,2,0,no,yes,no,yes,no,yes,no,yes,3,5,2,2,2,1,2,16,17
1142,GP,F,16,U,GT3,A,3,4,services,other,course,father,1,1,0,no,no,no,no,yes,yes,yes,no,3,2,1,1,4,5,12,15,13
1106,GP,M,17,R,GT3,T,3,2,other,other,course,mother,2,2,2,yes,yes,no,no,yes,yes,yes,yes,4,4,4,1,4,3,4,7,6
1892,GP,F,16,U,LE3,T,2,4,other,health,course,father,2,2,0,no,yes,no,yes,yes,yes,yes,yes,4,2,2,1,2,5,2,14,12
1186,MS,M,18,R,GT3,T,4,2,other,other,home,father,2,1,1,no,no,yes,no,yes,yes,no,no,5,4,3,4,3,3,14,6,5
1739,GP,M,15,U,GT3,T,4,3,teacher,services,course,father,2,4,0,yes,yes,no,no,yes,yes,yes,no,2,2,2,1,1,3,0,7,9
1630,GP,F,17,U,GT3,T,4,2,other,other,reputation,mother,2,3,0,no,yes,no,no,yes,yes,yes,no,4,3,3,1,1,3,0,16,16
1614,MS,F,16,R,GT3,T,1,1,at_home,other,other,mother,2,1,0,no,no,no,yes,yes,yes,yes,yes,4,2,2,4,3,2,0,13,12
1538,GP,F,16,U,GT3,A,2,2,other,other,reputation,mother,1,2,0,yes,yes,no,no,yes,yes,yes,no,3,3,4,1,1,4,0,13,13
1780,GP,F,16,R,GT3,T,1,1,at_home,other,course,mother,4,2,0,no,yes,no,no,yes,yes,no,no,5,1,3,1,1,3,0,14,13
1305,MS,F,16,U,GT3,T,2,1,other,services,course,mother,1,2,0,no,yes,no,yes,yes,yes,yes,no,5,3,3,1,1,1,0,14,13
1278,MS,F,17,U,LE3,T,4,4,at_home,at_home,course,mother,1,2,0,no,yes,no,yes,yes,yes,yes,yes,2,3,4,1,1,1,4,15,14
2004,GP,F,16,U,LE3,T,1,1,at_home,at_home,course,mother,1,1,0,no,no,no,no,yes,yes,yes,no,3,4,4,3,3,1,2,14,14
1112,MS,F,17,R,GT3,T,3,1,at_home,other,reputation,mother,1,2,0,no,yes,yes,yes,no,yes,yes,no,4,5,4,2,3,1,17,10,10
1572,GP,M,15,U,LE3,A,4,4,teacher,teacher,course,mother,1,1,0,no,no,no,yes,yes,yes,yes,no,5,5,3,1,1,4,4,13,14
2038,GP,F,16,U,GT3,T,2,2,other,other,home,mother,1,2,0,no,no,yes,no,yes,yes,yes,yes,5,4,4,1,1,5,0,8,7
1147,GP,F,19,U,GT3,T,3,3,other,other,reputation,other,1,4,0,no,yes,no,yes,yes,yes,yes,no,4,3,3,1,2,3,4,12,12
1199,GP,M,15,U,GT3,T,4,2,teacher,other,home,mother,1,2,0,no,yes,yes,no,yes,yes,no,no,4,3,3,2,2,5,2,15,15
1962,GP,M,15,U,GT3,T,4,4,health,services,home,mother,1,2,0,no,yes,yes,no,no,yes,yes,no,5,4,2,3,4,5,0,10,11
1383,GP,M,15,U,GT3,T,2,3,other,services,course,father,1,1,0,yes,yes,yes,yes,no,yes,yes,yes,3,2,2,1,3,3,2,10,12
1210,GP,F,18,R,GT3,T,2,1,other,other,reputation,mother,2,2,0,no,yes,no,no,yes,no,yes,yes,4,3,5,1,2,3,12,8,9
1941,GP,F,15,U,GT3,T,2,3,other,other,other,father,2,1,0,no,yes,no,yes,yes,yes,no,no,3,5,1,1,1,5,4,11,11
1969,GP,M,16,U,GT3,T,3,3,at_home,other,reputation,other,3,2,0,yes,yes,no,no,no,yes,yes,no,5,3,3,1,3,2,6,7,10
1389,GP,F,17,R,LE3,A,1,4,other,other,course,other,4,1,1,no,yes,no,no,yes,yes,yes,no,5,5,4,1,1,5,14,9,9
1644,GP,M,16,U,GT3,T,1,3,at_home,services,course,father,1,1,1,no,no,no,no,yes,no,yes,no,5,3,3,1,4,2,2,9,8
1150,GP,F,17,U,GT3,T,2,2,other,services,reputation,father,3,3,0,no,yes,no,no,yes,yes,yes,yes,4,2,3,1,1,1,8,13,15
1999,GP,F,15,R,GT3,T,1,1,other,other,reputation,mother,1,2,2,yes,yes,no,no,no,yes,yes,yes,3,3,4,2,4,5,2,8,6
1188,GP,M,18,U,LE3,T,3,1,services,services,course,mother,2,1,0,no,no,no,yes,yes,yes,yes,yes,3,3,4,4,5,4,2,11,11
1702,GP,M,17,U,LE3,T,4,4,other,teacher,home,father,2,1,0,no,no,yes,no,yes,yes,yes,no,4,1,1,2,2,5,0,11,11
1077,GP,M,17,U,GT3,T,3,3,other,services,reputation,mother,1,1,0,no,no,no,yes,no,yes,yes,no,4,3,5,3,5,5,0,17,18
2001,GP,F,17,U,GT3,T,2,4,services,services,reputation,father,1,2,0,no,yes,no,yes,yes,yes,no,no,5,4,2,2,3,5,0,17,18
1412,GP,M,18,U,GT3,T,2,1,services,services,other,mother,1,1,1,no,no,no,no,no,no,yes,no,3,2,5,2,5,5,4,6,9
1323,GP,F,17,U,GT3,A,4,3,services,services,course,mother,1,2,0,no,yes,yes,no,yes,yes,yes,yes,5,2,2,1,2,5,23,13,13
1832,MS,F,17,R,GT3,T,2,3,other,other,course,mother,2,1,0,no,yes,no,no,yes,yes,yes,no,5,5,5,1,3,3,2,10,11
1318,MS,M,18,U,LE3,T,4,4,teacher,services,other,mother,2,3,0,no,no,no,no,yes,yes,yes,yes,4,2,2,2,2,5,0,15,16
1852,GP,M,16,U,GT3,T,4,4,services,services,other,mother,1,1,0,yes,yes,yes,yes,yes,yes,yes,no,4,5,5,5,5,4,14,7,7
1818,GP,M,15,U,GT3,T,4,4,teacher,health,reputation,mother,1,2,0,no,yes,no,yes,yes,yes,no,no,3,2,2,1,1,5,8,15,15
1441,GP,F,19,U,GT3,T,2,2,services,services,home,mother,1,2,0,no,yes,no,no,yes,yes,yes,no,4,3,3,1,1,5,0,10,10
1695,GP,M,18,U,GT3,T,2,2,other,other,reputation,mother,1,1,0,no,no,no,no,no,yes,yes,no,5,4,2,1,2,5,6,15,14
1729,MS,F,17,U,GT3,T,0,1,other,at_home,course,father,2,1,0,no,no,no,yes,no,yes,no,no,2,4,4,3,5,5,5,9,9
1978,GP,F,18,U,GT3,T,4,3,services,other,home,father,1,2,0,no,yes,yes,no,yes,yes,yes,yes,3,1,2,1,3,2,21,17,18
1225,GP,F,17,R,GT3,T,4,3,teacher,other,reputation,mother,2,3,0,no,yes,yes,yes,yes,yes,yes,yes,4,4,2,1,1,4,6,7,7
1082,GP,M,15,U,LE3,T,1,2,other,at_home,home,father,1,2,0,yes,yes,no,yes,yes,yes,yes,no,4,3,2,1,1,5,2,9,10
1175,GP,F,15,U,LE3,T,3,2,services,other,reputation,mother,1,2,0,no,yes,yes,no,yes,yes,yes,no,4,4,4,1,1,5,10,7,6
1361,GP,M,19,U,GT3,T,4,2,health,other,course,mother,2,2,0,no,yes,no,yes,yes,yes,yes,yes,5,4,4,1,1,1,9,11,10
1280,GP,M,16,U,GT3,T,3,4,other,other,course,father,3,1,1,no,yes,no,yes,no,yes,yes,no,3,4,5,2,4,2,4,9,9
1034,GP,F,17,U,GT3,T,4,4,teacher,services,course,mother,1,2,0,no,yes,yes,no,yes,yes,yes,yes,5,3,1,1,4,5,2,11,11
1190,GP,F,15,U,LE3,A,3,3,other,other,other,mother,1,1,0,no,no,no,no,yes,yes,yes,no,5,3,4,4,4,1,0,13,12
1196,GP,F,15,R,GT3,T,2,2,at_home,other,reputation,mother,1,1,0,yes,yes,yes,yes,yes,yes,no,no,4,3,1,1,1,2,8,14,13
1526,MS,F,18,U,GT3,T,3,3,other,other,home,mother,1,2,0,no,no,no,no,yes,yes,yes,yes,4,1,3,1,2,1,1,16,16
1549,GP,F,18,U,GT3,T,3,2,services,other,home,mother,1,2,0,no,yes,no,yes,no,yes,yes,yes,3,1,2,1,2,1,4,10,13
1455,GP,F,19,U,GT3,T,2,1,at_home,other,other,other,3,2,0,no,yes,no,no,yes,no,yes,yes,3,4,1,1,1,2,20,14,12
1448,MS,M,18,U,LE3,T,1,2,at_home,services,home,mother,2,1,0,no,yes,no,no,no,yes,no,no,4,1,4,5,5,1,8,10,11
1913,GP,F,17,U,GT3,A,4,3,services,services,course,mother,1,2,0,no,yes,no,no,yes,yes,yes,yes,5,2,2,1,2,5,14,15,14
1853,GP,F,15,U,GT3,T,1,1,other,services,course,father,1,2,0,no,yes,no,no,yes,yes,yes,no,4,4,2,1,2,5,0,12,12
1790,MS,F,17,R,GT3,T,1,2,other,services,course,father,2,2,0,no,no,no,no,no,yes,no,no,3,2,2,1,2,3,0,13,13
1429,GP,F,15,U,GT3,T,1,2,at_home,other,course,mother,1,2,0,no,yes,yes,no,no,yes,yes,no,4,3,2,1,1,5,2,10,11
1393,GP,M,17,U,LE3,T,4,4,teacher,other,reputation,mother,1,2,0,no,yes,yes,yes,yes,yes,yes,no,4,4,4,1,3,5,0,13,11
1395,GP,F,15,R,LE3,T,3,1,other,other,reputation,father,2,4,0,no,yes,no,no,no,yes,yes,no,4,4,2,2,3,3,12,16,16
2042,MS,F,17,U,GT3,T,4,3,teacher,other,other,mother,2,2,0,no,no,no,no,yes,yes,yes,no,5,5,4,1,1,1,0,6,9
1525,GP,F,16,U,GT3,T,4,4,teacher,services,home,mother,1,3,0,no,yes,no,yes,no,yes,yes,no,5,3,2,1,1,5,4,15,16
1766,MS,F,17,U,LE3,T,4,4,at_home,at_home,course,mother,1,2,0,no,yes,yes,yes,yes,yes,yes,yes,2,3,4,1,1,1,0,16,15
1121,MS,M,16,R,GT3,T,1,1,at_home,other,other,father,2,1,0,no,no,no,yes,yes,yes,no,no,3,4,4,3,4,5,6,11,11
1510,GP,M,17,U,GT3,T,4,4,teacher,teacher,reputation,mother,1,2,0,yes,yes,no,yes,yes,yes,yes,yes,4,5,5,1,3,2,0,13,13
1348,GP,F,18,U,GT3,T,2,2,at_home,other,course,mother,4,2,0,no,no,no,yes,yes,yes,no,yes,4,2,5,1,1,2,2,10,9
1352,GP,M,15,U,LE3,T,4,4,teacher,other,home,other,1,1,0,no,yes,no,no,no,yes,yes,yes,5,4,3,2,4,5,8,10,11
1758,MS,F,18,U,GT3,A,2,4,other,services,reputation,father,1,2,1,no,yes,no,no,yes,yes,yes,no,2,3,2,1,3,1,8,8,5
1854,MS,M,15,U,LE3,T,3,3,at_home,at_home,reputation,father,1,2,0,no,yes,no,yes,yes,yes,yes,no,5,3,3,1,1,5,0,11,11
1557,GP,M,16,R,GT3,T,4,4,teacher,teacher,course,mother,1,1,0,no,no,no,yes,yes,yes,yes,no,3,5,5,2,5,4,8,14,14
1396,GP,F,16,U,GT3,T,4,4,other,other,reputation,mother,1,1,0,no,no,no,yes,no,yes,yes,no,5,3,4,1,2,1,6,11,14
1234,GP,M,15,U,GT3,T,3,4,other,other,reputation,father,1,1,0,no,no,no,no,yes,yes,yes,no,3,4,3,1,2,4,6,14,13
1341,GP,M,16,U,GT3,T,4,4,services,teacher,other,father,1,3,0,no,yes,no,yes,yes,yes,yes,yes,4,4,3,1,1,4,0,16,16
1847,GP,M,15,U,GT3,T,4,4,health,health,other,father,1,1,0,no,yes,yes,no,yes,yes,yes,no,5,4,2,1,1,5,0,11,12
1276,GP,F,15,U,GT3,T,1,1,at_home,other,course,mother,3,1,0,no,yes,no,yes,no,yes,yes,yes,4,3,3,1,2,4,0,8,0
1200,GP,M,16,U,GT3,T,2,3,other,other,home,father,2,1,0,no,no,no,no,yes,yes,yes,no,5,3,3,1,1,3,0,13,12
1791,GP,F,19,R,GT3,A,3,1,services,at_home,home,other,1,3,1,no,no,yes,no,yes,yes,no,no,5,4,3,1,2,5,12,14,13
1228,GP,F,18,R,GT3,T,2,1,other,other,reputation,mother,2,2,0,no,yes,no,no,yes,no,yes,yes,4,3,5,1,2,3,0,6,0
1107,GP,F,16,U,GT3,T,4,2,services,other,course,mother,1,2,0,no,yes,yes,no,yes,yes,yes,no,4,2,3,1,1,5,2,16,15
1145,GP,F,19,U,GT3,T,2,1,services,services,home,other,1,3,1,no,no,yes,yes,yes,yes,yes,yes,4,3,4,1,3,3,4,11,12
1977,GP,F,16,U,GT3,A,4,1,other,other,home,mother,1,2,0,no,no,no,yes,yes,yes,yes,yes,5,3,3,1,2,5,0,14,13
1815,GP,M,17,U,GT3,T,4,3,other,other,course,mother,1,2,0,no,yes,yes,yes,yes,yes,yes,yes,5,2,3,1,1,2,4,11,11
1132,GP,F,16,U,GT3,T,2,1,other,other,course,mother,1,2,0,no,yes,yes,no,yes,yes,no,yes,4,3,5,1,1,5,2,8,9
1694,GP,F,15,U,GT3,T,3,2,services,other,home,mother,2,2,0,yes,yes,no,no,yes,yes,yes,no,4,3,5,1,1,2,16,11,10
1711,GP,M,19,R,GT3,T,3,3,other,services,reputation,father,1,2,0,no,no,no,yes,yes,yes,no,yes,4,5,3,1,2,5,0,10,10
2006,GP,M,15,U,LE3,T,2,2,services,health,reputation,mother,1,4,0,no,yes,no,yes,yes,yes,yes,no,4,3,4,1,1,4,6,11,13
1850,MS,F,16,R,GT3,T,2,2,other,other,course,mother,3,2,0,no,yes,no,no,yes,yes,yes,no,4,4,5,1,1,4,4,9,10
1717,GP,M,15,U,GT3,T,4,4,services,other,course,mother,1,1,0,no,yes,yes,yes,no,yes,yes,no,5,3,3,1,1,5,2,12,13
1488,MS,F,18,R,GT3,T,4,4,teacher,at_home,reputation,mother,3,1,0,no,yes,yes,yes,yes,yes,yes,yes,4,4,3,2,2,5,7,6,5
1282,GP,F,16,U,GT3,T,1,3,at_home,services,home,mother,1,2,3,no,no,no,yes,no,yes,yes,yes,4,3,5,1,1,3,0,8,7
1998,MS,M,17,R,GT3,T,1,1,other,services,other,father,3,1,0,no,no,no,no,no,no,no,no,4,2,3,3,4,4,4,12,13
1590,GP,M,18,U,LE3,T,4,4,teacher,teacher,home,mother,1,1,0,no,yes,no,no,yes,yes,yes,yes,1,4,2,2,2,1,0,18,18
1594,MS,F,16,R,GT3,T,0,2,other,other,other,mother,2,1,0,no,yes,no,yes,yes,yes,no,no,3,2,3,1,2,2,0,12,11
1384,GP,F,15,R,GT3,T,2,4,services,health,course,mother,1,3,0,yes,yes,yes,yes,yes,yes,yes,no,4,3,2,1,1,5,2,10,9
1148,GP,F,18,U,GT3,T,2,1,other,other,reputation,mother,2,2,0,no,no,no,yes,yes,yes,yes,yes,4,3,1,1,1,5,10,12,13
2029,GP,M,16,U,GT3,T,2,1,at_home,other,course,mother,4,1,0,no,no,no,no,yes,yes,no,no,3,2,1,1,1,2,4,9,9
1023,GP,F,17,R,LE3,T,4,4,services,other,other,mother,1,1,0,no,yes,yes,no,yes,yes,no,no,5,2,1,1,2,3,12,8,10
1091,GP,M,15,U,GT3,T,2,3,other,other,home,mother,1,3,0,yes,no,yes,no,no,yes,yes,no,5,3,2,1,2,5,4,11,10
1045,GP,F,15,U,GT3,T,3,2,health,services,home,father,1,2,3,no,yes,no,no,yes,yes,yes,no,3,3,2,1,1,3,0,6,7
1723,MS,F,17,U,GT3,T,2,2,other,at_home,course,mother,1,1,0,no,yes,no,yes,yes,no,no,no,4,5,3,1,1,5,4,9,9
1937,GP,F,17,R,LE3,T,2,2,services,services,course,mother,1,3,0,no,yes,no,yes,yes,yes,yes,no,3,3,2,2,2,3,0,11,11
1942,GP,F,16,U,LE3,T,3,3,other,other,reputation,mother,2,2,0,no,yes,no,yes,yes,yes,yes,no,4,4,5,1,1,4,0,14,14
1776,GP,M,17,U,GT3,T,2,3,other,other,course,father,2,1,0,no,no,no,no,yes,yes,yes,no,5,2,2,1,1,2,4,12,12
1953,GP,F,17,U,GT3,T,1,1,at_home,services,course,mother,1,2,0,no,no,no,yes,yes,yes,yes,no,5,3,3,1,1,3,0,12,11
1299,GP,F,17,U,GT3,T,4,4,teacher,services,course,mother,1,3,0,no,yes,no,yes,yes,yes,yes,no,5,4,4,1,3,4,0,13,12
1468,MS,M,19,U,GT3,T,3,2,at_home,services,course,mother,2,1,3,no,no,no,yes,yes,yes,no,no,3,2,1,1,1,3,4,6,11
1627,MS,F,17,R,GT3,T,1,1,at_home,at_home,course,father,2,1,0,no,yes,no,yes,yes,no,yes,yes,3,5,5,2,2,4,3,10,11
1032,GP,M,15,U,GT3,T,4,2,teacher,other,home,mother,1,2,0,no,yes,no,no,yes,yes,no,no,4,3,3,2,2,5,4,11,12
1236,MS,F,16,R,GT3,T,1,1,at_home,other,other,father,4,3,0,yes,yes,no,no,yes,yes,no,no,4,4,3,1,1,5,2,10,9
1105,GP,M,18,U,LE3,T,3,3,services,health,home,father,1,2,0,no,yes,no,no,yes,yes,yes,no,3,2,4,2,4,4,10,10,10
1020,MS,F,15,R,GT3,T,4,4,teacher,other,course,mother,2,1,0,no,no,no,no,yes,yes,yes,yes,1,5,1,3,5,5,0,13,14
1617,GP,F,16,U,LE3,T,3,1,other,other,home,father,1,2,0,yes,yes,no,no,yes,yes,no,no,3,3,3,2,3,2,0,12,13
1221,GP,M,16,U,GT3,T,0,2,other,other,other,mother,1,1,0,no,no,yes,no,no,yes,yes,no,4,3,2,2,4,5,0,13,15
1649,GP,F,19,U,GT3,T,1,1,other,other,course,other,3,3,0,no,no,no,yes,yes,no,no,yes,1,5,5,4,3,5,12,10,10
1377,GP,M,15,U,LE3,T,2,2,services,services,home,mother,2,2,0,no,no,yes,yes,yes,yes,yes,no,5,3,3,1,3,4,4,15,15
1220,GP,M,15,U,GT3,T,4,3,teacher,other,course,mother,2,2,0,no,yes,no,no,yes,yes,yes,no,5,4,3,1,2,3,0,12,12
1265,GP,M,20,U,GT3,A,3,2,services,other,course,other,1,1,2,no,no,no,yes,yes,yes,no,no,5,5,3,1,1,5,0,14,15
1123,GP,F,16,U,GT3,T,4,3,health,other,home,mother,1,2,0,no,yes,no,yes,yes,yes,yes,no,4,3,5,1,5,2,2,14,14
1836,GP,F,17,U,GT3,T,1,1,other,other,course,mother,1,2,0,no,yes,no,no,no,yes,no,no,4,4,4,1,3,1,0,14,15
1725,GP,F,17,R,GT3,T,2,2,other,other,reputation,mother,1,1,0,no,yes,no,no,yes,yes,yes,no,5,3,2,1,2,3,21,13,13
1775,GP,M,16,U,GT3,T,3,2,at_home,other,reputation,mother,2,3,0,no,no,no,yes,yes,yes,yes,yes,5,3,3,1,3,2,0,12,12
1692,MS,F,17,R,GT3,T,2,2,at_home,other,course,mother,2,2,0,no,yes,no,no,yes,yes,yes,no,4,3,5,1,2,4,0,11,10
1952,GP,F,18,R,GT3,T,4,4,teacher,other,reputation,mother,2,2,0,no,no,yes,yes,yes,yes,yes,no,4,3,4,2,2,4,8,12,10
1366,GP,M,16,U,GT3,T,3,2,other,other,home,mother,1,1,0,no,yes,no,no,no,yes,yes,no,5,4,3,1,1,5,4,12,12
1671,GP,F,16,U,GT3,T,4,3,other,at_home,course,mother,1,3,0,yes,yes,yes,no,yes,yes,yes,no,5,3,5,1,1,3,0,7,9
1460,GP,M,15,U,GT3,T,4,3,teacher,other,reputation,mother,1,2,0,no,no,no,no,yes,yes,yes,no,4,4,1,1,1,1,0,13,14
1337,GP,F,18,U,GT3,T,2,1,services,other,course,mother,2,2,0,no,yes,yes,yes,yes,yes,yes,no,5,3,3,1,2,1,0,8,8
1918,GP,M,18,U,LE3,T,2,2,other,other,course,mother,1,4,0,no,yes,no,yes,yes,yes,yes,no,4,5,5,2,4,5,2,9,8
1130,GP,F,16,R,GT3,T,2,2,services,services,reputation,mother,2,4,0,no,yes,no,yes,no,yes,yes,no,5,3,5,1,1,5,6,13,13
1801,GP,F,15,U,LE3,A,4,3,other,other,course,mother,1,2,0,yes,yes,yes,yes,yes,yes,yes,yes,5,2,2,1,1,5,4,10,11
1705,GP,M,15,U,LE3,T,4,4,health,services,course,father,1,1,0,no,yes,yes,yes,yes,yes,yes,no,4,3,3,1,3,5,2,14,14
1743,GP,F,16,U,GT3,T,3,3,other,other,reputation,mother,3,2,0,yes,yes,no,yes,yes,yes,no,no,5,3,2,1,1,4,2,13,14
2008,MS,F,18,R,LE3,A,4,2,teacher,other,reputation,mother,1,2,0,no,no,no,yes,yes,yes,yes,yes,5,3,1,1,1,5,0,5,0
1794,GP,M,16,U,GT3,T,2,1,other,other,course,mother,3,1,0,no,no,no,no,yes,yes,yes,no,4,3,3,1,1,4,7,15,16
1810,GP,F,19,U,GT3,T,3,3,other,other,reputation,other,1,4,0,no,yes,yes,yes,yes,yes,yes,no,4,3,3,1,2,3,10,8,8
1901,GP,M,16,U,LE3,T,4,3,services,other,reputation,mother,1,2,0,no,yes,no,yes,yes,yes,yes,no,5,4,2,1,2,5,6,12,12
1405,MS,M,19,R,GT3,T,1,1,other,services,home,other,3,2,3,no,no,no,no,yes,yes,yes,no,5,4,4,3,3,2,8,8,7
1457,GP,F,16,U,LE3,T,1,2,other,services,reputation,father,1,2,0,yes,no,no,yes,yes,yes,yes,no,4,4,3,1,1,1,0,13,13
1884,GP,M,17,U,GT3,T,2,1,other,other,home,mother,1,1,0,no,yes,no,no,yes,yes,yes,no,5,4,5,1,2,5,22,9,7
1496,GP,F,17,U,LE3,T,2,2,services,services,course,father,1,4,0,no,no,no,yes,yes,yes,yes,yes,3,4,1,1,1,2,2,10,11
1819,GP,M,16,R,GT3,T,2,2,at_home,other,course,mother,3,1,0,no,no,no,no,no,yes,no,no,4,2,2,1,2,3,4,12,10
1420,GP,F,15,U,GT3,T,4,4,teacher,services,course,mother,1,3,0,no,yes,yes,yes,yes,yes,yes,no,4,2,2,1,1,5,2,9,11
1503,GP,M,18,R,LE3,T,3,3,other,services,course,mother,1,2,0,no,yes,no,no,yes,yes,yes,yes,4,3,3,1,3,5,8,10,9
1856,MS,F,18,R,LE3,T,4,4,other,other,reputation,mother,2,3,0,no,no,no,no,yes,yes,yes,no,5,4,4,1,1,1,0,15,17
2014,GP,M,15,U,LE3,T,4,4,teacher,other,home,other,1,1,0,no,yes,no,no,no,yes,yes,yes,5,4,3,2,4,5,8,12,12
1909,GP,F,16,U,LE3,T,1,1,at_home,at_home,course,mother,1,1,0,no,no,no,no,yes,yes,yes,no,3,4,4,3,3,1,4,10,11
1593,GP,F,16,U,GT3,A,3,1,services,other,course,mother,1,2,0,no,yes,no,no,yes,yes,yes,no,2,3,3,2,2,4,2,11,11
1235,MS,F,18,R,GT3,T,4,4,other,teacher,other,father,3,2,0,no,yes,yes,no,no,yes,yes,yes,3,2,2,4,2,5,10,14,12
1748,MS,M,15,R,LE3,T,1,3,at_home,other,reputation,father,3,1,0,no,yes,no,yes,yes,yes,yes,no,4,2,4,3,5,3,2,10,11
1601,MS,F,18,U,GT3,T,2,2,other,other,course,mother,2,2,0,no,yes,no,no,no,yes,yes,yes,1,3,1,1,1,2,4,8,8
1284,MS,M,19,U,GT3,T,2,1,at_home,other,course,other,2,1,3,no,no,no,yes,no,no,yes,yes,4,4,3,1,3,5,4,8,9
1015,GP,M,19,U,GT3,T,3,2,services,at_home,home,mother,1,1,0,no,yes,no,no,yes,no,yes,yes,4,5,4,1,1,4,6,11,9
1146,MS,M,18,U,LE3,T,1,3,at_home,services,course,mother,1,1,1,no,no,no,no,yes,no,yes,yes,4,3,3,2,3,3,7,8,7
1067,GP,M,17,U,GT3,T,3,3,other,other,reputation,father,1,2,0,no,no,no,yes,no,yes,yes,no,4,3,4,1,4,4,4,6,5
1604,GP,F,16,U,GT3,T,2,2,at_home,other,home,mother,1,2,1,yes,no,no,yes,yes,yes,yes,no,3,1,2,1,1,5,12,8,10
1003,GP,M,17,U,GT3,T,3,3,health,other,home,mother,1,1,0,no,yes,no,no,yes,yes,yes,no,4,4,3,1,3,5,0,14,15
1159,GP,F,15,U,GT3,T,2,2,other,other,course,mother,1,4,0,yes,yes,yes,no,yes,yes,yes,no,5,1,2,1,1,3,8,7,8
1976,GP,F,17,U,GT3,T,2,3,at_home,other,home,father,2,1,0,no,yes,yes,no,yes,yes,no,no,3,3,3,1,4,3,3,7,7
1875,GP,M,15,U,GT3,T,3,4,services,services,home,father,1,1,0,yes,no,no,no,yes,yes,yes,no,5,5,5,3,2,5,0,13,13
1968,GP,F,18,U,LE3,T,4,3,other,other,home,other,2,2,0,no,yes,yes,no,yes,yes,yes,yes,4,4,5,1,2,2,10,10,8
1704,GP,F,19,U,GT3,T,0,1,at_home,other,course,other,1,2,3,no,yes,no,no,no,no,no,no,3,4,2,1,1,5,2,7,8
1065,GP,F,16,R,GT3,T,4,4,health,teacher,other,mother,1,2,0,no,yes,no,yes,yes,yes,no,no,2,4,4,2,3,4,0,17,16
1631,MS,M,15,U,LE3,A,2,1,services,services,course,mother,1,1,0,no,no,no,yes,yes,yes,yes,no,4,3,3,1,2,5,11,12,13
1334,GP,F,15,U,LE3,T,1,1,at_home,other,other,mother,1,2,0,yes,no,no,no,yes,yes,yes,no,4,3,2,2,3,3,6,12,13
1675,GP,M,18,U,GT3,T,4,4,other,other,course,mother,1,3,0,no,no,no,yes,yes,yes,yes,no,4,3,3,2,2,3,3,9,12
1568,MS,F,16,U,GT3,T,2,2,services,other,course,mother,1,1,0,no,yes,yes,yes,yes,yes,no,yes,4,2,5,1,2,5,0,17,16
1268,GP,F,17,R,LE3,T,2,2,services,services,course,mother,1,3,0,no,yes,yes,yes,yes,yes,yes,no,3,3,2,2,2,3,3,11,11
1813,GP,M,15,U,GT3,T,4,3,teacher,other,reputation,mother,1,2,0,no,no,no,no,yes,yes,yes,no,4,4,1,1,1,1,0,12,13
1874,MS,F,18,U,GT3,T,3,3,services,services,other,mother,2,2,0,no,yes,no,no,yes,yes,yes,yes,4,3,2,1,3,3,0,11,11
1619,MS,F,16,U,GT3,T,1,1,other,other,course,other,1,4,0,yes,yes,no,yes,yes,yes,yes,no,2,2,1,1,1,5,0,14,14
1189,GP,M,18,U,GT3,T,2,1,other,other,home,mother,1,2,0,no,no,no,yes,yes,yes,yes,no,5,2,4,1,2,4,2,16,16
1857,GP,F,17,U,LE3,T,3,2,other,other,reputation,mother,2,2,0,no,no,no,no,yes,yes,yes,no,4,4,4,1,3,1,2,14,16
1102,MS,F,18,R,LE3,A,1,4,at_home,other,course,mother,3,2,0,no,no,no,no,yes,yes,no,yes,4,3,4,1,4,5,0,13,13
1256,GP,M,18,U,GT3,T,2,1,services,services,reputation,mother,1,3,0,no,no,no,yes,yes,yes,yes,no,4,2,4,1,3,2,0,14,15
2023,MS,F,16,U,GT3,T,2,2,other,services,course,father,1,1,1,no,yes,yes,yes,no,yes,yes,no,4,4,3,1,4,3,1,9,10
1262,GP,M,17,U,GT3,T,2,1,other,other,home,mother,2,1,3,yes,yes,no,yes,yes,no,yes,no,4,5,1,1,1,3,0,9,9
1233,GP,F,18,U,GT3,T,2,3,at_home,other,course,mother,1,3,0,no,yes,no,no,yes,yes,yes,no,4,3,3,1,2,3,4,11,10
1120,GP,M,18,U,LE3,T,1,1,other,other,course,mother,1,1,2,no,no,no,no,yes,no,yes,yes,2,3,5,2,5,4,0,11,9
1185,GP,F,17,R,GT3,T,2,2,other,other,reputation,mother,1,1,0,no,yes,no,no,yes,yes,yes,no,5,3,2,1,2,3,18,7,6
1054,GP,M,17,U,LE3,T,2,2,other,other,home,father,1,2,0,no,no,yes,yes,no,yes,yes,yes,4,4,2,5,5,4,4,14,13
1198,GP,F,17,U,GT3,T,4,4,teacher,teacher,course,mother,2,3,0,no,yes,yes,no,no,yes,yes,yes,4,3,3,1,2,4,4,14,14
1039,GP,F,17,U,LE3,T,3,2,other,other,reputation,mother,2,2,0,no,no,yes,no,yes,yes,yes,no,4,4,4,1,3,1,2,14,15
1911,MS,M,16,R,GT3,T,2,1,other,services,reputation,mother,2,2,0,no,no,no,yes,yes,yes,yes,no,5,2,1,1,1,2,0,8,7
1860,GP,F,19,U,GT3,T,1,1,at_home,health,home,other,1,3,2,no,no,no,no,no,yes,yes,yes,4,1,2,1,1,3,14,15,13
1806,GP,F,16,U,GT3,T,2,1,other,other,course,mother,1,2,0,no,yes,no,no,yes,yes,no,yes,4,3,5,1,1,5,0,13,12
2043,GP,F,16,U,GT3,A,2,1,other,other,other,mother,1,2,0,no,no,yes,yes,yes,yes,yes,yes,5,3,4,1,1,2,8,8,9
1202,GP,F,16,U,GT3,T,3,3,other,services,home,mother,1,2,0,yes,yes,yes,yes,yes,yes,yes,no,4,3,3,2,4,5,54,11,12
1010,MS,F,15,R,GT3,T,1,1,at_home,services,other,mother,1,1,1,no,yes,no,no,yes,yes,no,yes,4,1,3,1,1,2,6,10,10
1302,GP,M,18,U,LE3,A,4,4,teacher,teacher,reputation,mother,1,2,0,no,yes,no,yes,yes,yes,yes,no,5,4,3,1,1,2,0,17,17
1550,GP,M,18,U,GT3,T,4,3,teacher,other,course,mother,1,3,0,no,yes,yes,no,yes,yes,yes,yes,5,4,5,2,3,5,0,10,10
1959,GP,F,17,U,LE3,T,2,2,other,other,course,father,1,1,0,no,yes,no,no,yes,yes,yes,yes,3,4,4,1,3,5,2,13,12
1041,MS,F,18,R,GT3,T,1,1,other,other,home,mother,4,3,0,no,no,no,no,yes,yes,yes,no,4,3,2,1,2,4,2,8,8
1578,GP,F,15,U,GT3,T,1,1,other,other,home,father,1,2,0,no,yes,no,yes,no,yes,yes,no,4,3,2,2,3,4,2,13,12
1222,MS,M,18,U,LE3,T,1,1,other,services,home,father,2,1,0,no,no,no,no,no,yes,yes,yes,3,3,2,1,2,3,4,10,10
1533,GP,F,18,R,GT3,A,3,2,other,services,home,mother,2,2,0,no,no,no,no,no,no,yes,yes,4,1,1,1,1,5,15,12,9
1373,GP,F,15,U,LE3,T,4,3,services,services,reputation,father,1,2,0,yes,no,no,yes,yes,yes,yes,yes,4,4,4,2,4,2,0,13,12
1470,MS,F,15,R,LE3,T,2,1,at_home,other,home,mother,2,1,0,no,no,no,no,yes,no,no,no,1,3,4,1,1,1,0,6,8
1249,GP,M,22,U,GT3,T,3,1,services,services,other,mother,1,1,3,no,no,no,no,no,no,yes,yes,5,4,5,5,5,1,16,6,8
1664,MS,M,18,R,GT3,T,2,1,other,other,other,mother,2,1,0,no,no,no,yes,no,yes,yes,yes,4,4,3,1,3,5,5,7,6
1793,GP,M,15,U,GT3,T,4,2,health,services,other,mother,1,1,0,no,no,yes,no,yes,yes,yes,no,2,2,4,2,4,1,4,15,16
1203,GP,F,18,R,GT3,T,2,2,other,other,home,mother,1,2,0,yes,no,no,no,yes,yes,no,no,3,2,3,1,1,5,4,11,11
1069,GP,F,15,U,GT3,A,3,3,other,health,reputation,father,1,4,0,yes,no,no,no,yes,yes,no,no,4,3,3,1,1,4,10,10,11
1319,GP,M,18,U,GT3,T,4,2,health,other,reputation,father,1,2,0,no,yes,no,yes,yes,yes,yes,yes,5,4,5,1,3,5,4,10,12
1484,GP,F,16,U,GT3,T,4,4,teacher,services,home,mother,1,3,0,no,yes,no,yes,no,yes,yes,no,5,3,2,1,1,5,0,13,13
1741,GP,M,16,U,GT3,T,3,1,other,other,reputation,mother,1,1,0,no,no,no,yes,yes,yes,no,no,5,3,2,2,2,5,0,13,13
1131,MS,F,15,R,LE3,T,1,1,other,services,course,mother,2,1,1,no,yes,no,no,yes,yes,yes,yes,4,4,3,1,2,2,4,6,7
1972,MS,F,17,R,GT3,T,4,1,other,other,other,mother,1,1,0,no,no,no,no,yes,yes,yes,yes,4,2,3,1,2,5,1,13,14
1072,GP,F,16,U,GT3,T,2,3,other,other,reputation,mother,1,2,0,yes,yes,yes,yes,yes,yes,no,no,4,4,3,1,3,4,6,8,10
1285,GP,F,16,U,GT3,T,2,2,other,other,home,mother,1,2,0,no,yes,yes,no,no,yes,yes,no,5,1,5,1,1,4,0,6,7
1152,GP,F,16,U,GT3,T,2,2,services,services,home,mother,1,1,0,no,yes,no,no,no,yes,yes,no,1,2,2,1,3,5,6,10,11
1599,GP,F,18,R,GT3,A,3,2,other,services,home,mother,2,2,0,no,no,no,no,no,no,yes,yes,4,1,1,1,1,5,75,10,9
1314,GP,M,16,U,LE3,T,2,2,other,other,reputation,mother,2,2,0,no,yes,no,yes,yes,yes,yes,no,5,4,4,2,4,5,2,10,10
1135,MS,M,17,U,GT3,T,1,1,other,other,home,mother,1,2,0,no,no,yes,no,no,yes,yes,no,4,4,3,2,4,5,4,8,9
1961,GP,F,15,U,GT3,T,4,4,services,services,course,mother,1,1,0,yes,yes,yes,no,yes,yes,yes,no,3,3,4,2,3,5,0,8,10
1404,GP,M,17,U,LE3,T,4,3,health,other,course,mother,2,2,0,no,no,no,yes,yes,yes,yes,yes,2,5,5,1,4,5,14,12,12
1687,GP,F,17,U,LE3,T,4,3,health,other,reputation,father,1,2,0,no,no,no,yes,yes,yes,yes,yes,3,2,3,1,2,3,14,13,13
1925,GP,M,16,R,GT3,T,4,3,services,other,reputation,mother,2,1,0,yes,yes,no,yes,no,yes,yes,no,3,3,3,1,1,4,2,11,15
1073,GP,M,18,U,GT3,T,4,3,teacher,other,course,mother,1,2,0,no,yes,no,no,no,yes,yes,no,4,3,2,1,1,3,2,10,10
1807,MS,M,16,R,LE3,T,1,2,other,at_home,course,mother,1,1,0,no,no,no,no,yes,yes,no,no,4,4,4,2,4,5,4,9,10
1990,GP,F,15,U,GT3,T,1,2,at_home,services,course,father,1,2,0,no,no,no,no,no,yes,no,yes,2,3,4,2,4,1,6,11,11
1521,MS,F,17,R,GT3,T,1,1,at_home,other,reputation,mother,2,1,0,no,yes,no,yes,no,yes,yes,yes,4,4,5,1,2,5,0,11,11
1971,GP,F,17,U,LE3,A,2,1,other,other,course,mother,3,1,0,no,yes,no,no,yes,yes,yes,no,3,2,2,1,2,5,8,11,10
1983,GP,F,17,U,GT3,T,3,4,at_home,services,home,mother,1,3,1,no,yes,yes,no,yes,yes,yes,yes,4,4,3,3,4,5,14,8,9
1029,GP,M,15,U,GT3,T,4,2,other,other,course,mother,1,4,0,no,no,no,no,yes,yes,yes,no,3,3,3,1,1,3,0,11,9
1138,MS,M,15,R,GT3,T,1,2,other,services,course,mother,3,2,0,no,yes,no,yes,yes,yes,no,no,5,5,5,1,3,5,11,9,11
1002,GP,F,15,R,GT3,T,2,4,services,health,course,mother,1,3,0,yes,yes,no,yes,yes,yes,yes,no,4,3,2,1,1,5,2,10,11
1370,GP,M,18,U,GT3,T,2,2,other,services,reputation,father,1,2,1,no,no,no,no,yes,no,yes,no,5,5,4,3,5,2,0,7,7
1996,GP,F,16,U,LE3,T,2,4,other,health,course,father,2,2,0,no,yes,yes,yes,yes,yes,yes,yes,4,2,2,1,2,5,2,13,13
1097,GP,F,15,U,GT3,T,4,4,teacher,health,reputation,mother,1,2,0,no,yes,no,no,yes,yes,yes,no,3,3,3,1,2,2,2,14,14
1696,GP,M,16,U,GT3,T,4,4,services,services,course,mother,1,1,0,no,no,no,yes,yes,yes,yes,no,5,3,2,1,2,5,0,13,12
1363,GP,M,17,U,LE3,A,3,2,teacher,services,home,mother,1,1,0,no,no,no,no,yes,yes,yes,no,4,4,4,3,4,3,18,13,13
1881,MS,F,17,R,GT3,T,1,2,other,other,course,mother,1,1,0,no,no,no,yes,yes,yes,yes,no,3,5,5,1,3,1,14,6,5
1367,MS,M,18,R,GT3,T,3,2,other,other,course,mother,2,1,1,no,yes,no,no,no,yes,yes,no,2,5,5,5,5,5,10,11,13
1270,GP,F,19,U,LE3,A,1,1,other,other,course,other,3,2,2,no,yes,no,no,no,yes,yes,yes,5,3,4,1,1,4,2,8,8
1986,GP,M,16,U,GT3,T,4,4,health,other,reputation,father,1,2,0,no,yes,no,yes,yes,yes,yes,no,4,2,4,2,4,1,0,13,13
1537,MS,F,19,R,GT3,T,1,1,at_home,other,course,other,2,2,1,no,yes,no,no,yes,yes,yes,yes,4,3,3,1,1,3,4,7,8
1001,MS,M,16,U,GT3,T,1,1,at_home,services,home,mother,2,2,0,no,yes,no,yes,yes,yes,no,yes,5,4,5,4,5,3,0,7,0
1831,GP,M,16,U,LE3,T,2,2,services,services,reputation,father,2,1,0,no,yes,no,yes,yes,yes,yes,no,2,3,3,2,2,2,4,12,11
1362,MS,M,17,R,GT3,T,4,4,health,other,course,father,3,1,3,no,no,no,yes,yes,yes,yes,yes,3,3,3,1,3,5,2,9,9
1309,MS,M,16,U,GT3,T,4,4,other,teacher,course,father,1,2,0,no,yes,no,yes,yes,yes,no,yes,4,3,1,1,1,3,0,13,12
1321,MS,F,16,U,LE3,A,2,2,other,other,home,mother,1,1,0,no,yes,no,no,yes,no,no,no,4,3,4,1,2,1,6,7,7
1397,MS,F,17,U,GT3,T,4,4,health,health,course,father,1,2,0,no,yes,no,no,yes,yes,yes,no,5,2,5,1,1,5,0,13,15
1381,GP,F,15,U,LE3,A,3,3,other,other,other,mother,1,1,0,no,no,yes,no,yes,yes,yes,no,5,3,4,4,4,1,6,10,13
1788,MS,M,21,R,GT3,T,1,1,other,other,course,other,1,1,3,no,no,no,no,no,yes,no,no,5,5,3,3,3,3,3,10,8
2016,GP,F,17,U,GT3,T,2,2,other,other,course,mother,1,2,0,no,yes,no,no,no,yes,yes,no,5,4,5,1,2,5,4,10,9
1505,GP,F,19,U,GT3,T,3,3,other,services,home,other,1,2,0,no,yes,no,yes,yes,yes,yes,no,4,3,5,3,3,5,16,11,12
1126,GP,M,16,R,GT3,T,4,2,teacher,services,other,mother,1,1,0,no,yes,no,yes,yes,yes,yes,yes,4,3,3,3,4,3,10,10,8
1657,GP,M,16,U,GT3,T,4,4,health,other,course,mother,1,1,0,no,yes,no,yes,yes,yes,yes,no,3,4,4,1,4,5,4,12,13
1809,GP,M,18,U,GT3,T,2,2,other,services,reputation,father,1,2,0,no,no,no,no,yes,no,yes,no,5,5,4,3,5,2,16,8,7
1967,MS,F,17,R,GT3,T,1,2,other,other,course,mother,1,1,0,no,no,no,yes,yes,yes,yes,no,3,5,5,1,3,1,4,7,8
1534,GP,F,16,U,GT3,T,2,2,services,services,home,mother,1,1,2,no,yes,yes,no,no,yes,yes,no,1,2,2,1,3,5,14,6,9
1093,GP,F,15,U,LE3,T,4,2,health,other,other,mother,1,2,0,no,yes,no,no,yes,yes,yes,no,4,3,3,1,1,5,0,16,14
1446,MS,M,16,R,GT3,T,3,4,other,health,other,mother,3,2,0,no,no,no,no,no,yes,no,no,3,4,5,1,2,5,4,9,10
1277,GP,M,15,U,GT3,T,4,0,teacher,other,course,mother,2,4,0,no,no,no,yes,yes,yes,yes,no,3,4,3,1,1,1,0,12,11
1124,GP,M,16,U,LE3,T,1,1,other,other,home,mother,2,2,0,no,yes,yes,no,yes,yes,yes,no,3,4,2,1,1,5,18,9,7
1736,GP,F,17,U,GT3,A,4,4,other,teacher,home,mother,2,2,0,yes,yes,no,no,yes,yes,no,no,4,1,4,1,1,1,6,6,5
1713,GP,F,16,U,GT3,T,4,4,health,other,home,mother,1,1,0,no,yes,no,no,yes,yes,yes,no,4,4,4,1,2,2,4,14,14
1625,GP,F,17,R,GT3,T,2,4,at_home,other,course,father,1,3,0,no,yes,no,no,yes,yes,yes,yes,4,4,3,1,1,5,7,12,14
1004,MS,M,18,R,LE3,T,1,2,at_home,services,other,father,3,1,0,no,yes,no,yes,yes,no,yes,yes,4,3,3,2,3,3,3,9,10
1994,GP,F,17,U,GT3,T,1,1,at_home,other,reputation,mother,1,3,0,no,yes,no,yes,yes,yes,no,yes,4,3,4,1,1,5,12,12,12
1241,GP,F,15,U,GT3,T,4,4,services,teacher,other,father,1,2,0,yes,yes,no,yes,no,yes,yes,no,4,4,4,1,1,3,2,13,12
1252,GP,F,15,U,GT3,T,4,4,teacher,teacher,course,mother,2,1,0,no,no,no,yes,yes,yes,yes,no,4,3,2,1,1,5,6,13,14
1401,GP,M,15,U,GT3,T,4,4,services,teacher,course,father,1,2,0,no,yes,no,yes,yes,yes,yes,no,4,3,3,1,1,5,2,19,18
1902,MS,F,17,R,GT3,T,4,4,teacher,services,other,father,2,2,0,no,yes,yes,yes,yes,yes,yes,no,4,3,3,1,2,5,2,12,12
1576,GP,F,15,U,GT3,T,4,4,teacher,health,reputation,mother,1,2,0,no,yes,yes,no,yes,yes,yes,no,3,3,3,1,2,2,0,10,8
1642,MS,M,18,R,GT3,T,1,1,services,other,course,other,2,1,1,no,yes,no,no,yes,no,yes,yes,5,3,3,2,3,5,2,9,7
1474,GP,M,16,U,LE3,T,2,2,other,other,reputation,mother,2,2,0,no,yes,no,yes,yes,yes,yes,no,5,4,4,2,4,5,0,13,13
1368,GP,F,15,U,LE3,T,4,3,services,services,reputation,father,1,2,0,yes,no,no,yes,yes,yes,yes,yes,4,4,4,2,4,2,0,10,10
1475,GP,M,18,U,LE3,T,4,4,teacher,teacher,home,mother,1,1,0,no,yes,yes,no,yes,yes,yes,yes,1,4,2,2,2,1,5,16,15
1575,GP,F,16,U,GT3,A,3,3,other,other,course,other,2,1,0,no,yes,no,yes,no,yes,yes,yes,4,3,2,1,1,5,4,9,9
1787,GP,F,16,U,GT3,T,3,3,other,other,home,mother,1,3,0,no,yes,yes,no,yes,yes,yes,yes,4,3,3,1,3,4,0,7,7
1421,GP,F,16,U,GT3,T,4,3,health,other,home,mother,1,2,0,no,yes,no,yes,yes,yes,yes,no,4,3,5,1,5,2,2,16,16
1691,MS,M,19,R,GT3,T,1,1,other,services,home,other,3,2,1,no,no,no,no,yes,yes,yes,no,5,4,4,3,3,2,8,10,9
1110,GP,M,18,U,LE3,T,4,3,teacher,services,course,mother,2,1,0,no,no,no,yes,yes,yes,yes,no,4,2,3,1,2,1,0,10,10
1716,MS,F,18,R,GT3,T,1,1,at_home,at_home,course,mother,2,1,1,no,no,no,no,no,no,yes,yes,3,2,3,1,1,2,4,9,11
1409,GP,F,18,U,GT3,T,4,3,other,other,reputation,father,1,4,0,no,yes,no,no,yes,yes,yes,no,4,3,3,1,1,3,0,16,17
1191,GP,M,16,R,LE3,T,3,3,teacher,other,home,father,3,1,0,no,yes,no,yes,yes,yes,yes,no,3,3,4,3,5,3,16,10,11
1666,MS,F,17,R,GT3,T,3,2,at_home,other,course,father,1,2,1,no,no,no,no,yes,yes,no,yes,4,5,4,1,2,5,0,10,10
1626,MS,M,16,U,LE3,T,2,1,at_home,services,course,mother,2,1,0,no,yes,no,yes,yes,yes,yes,no,2,4,3,2,3,4,4,10,8
1498,MS,F,18,U,LE3,T,2,2,services,services,course,father,2,3,0,no,no,no,no,yes,yes,yes,yes,5,4,5,1,4,3,0,11,12
1760,MS,F,17,R,GT3,T,1,1,other,services,reputation,mother,3,1,1,no,yes,yes,no,yes,yes,yes,yes,5,2,1,1,2,1,0,7,6
1922,GP,M,15,U,GT3,T,4,0,teacher,other,course,mother,2,4,0,no,no,no,yes,yes,yes,yes,no,3,4,3,1,1,1,8,11,11
1329,GP,F,18,U,LE3,T,2,2,other,other,home,other,1,2,0,no,no,no,yes,no,yes,yes,yes,4,3,3,1,1,2,0,10,9
1213,GP,F,17,U,GT3,T,2,2,at_home,at_home,course,mother,1,3,0,no,yes,no,yes,yes,yes,yes,no,4,3,3,1,1,4,0,12,12
1930,MS,F,17,U,GT3,A,1,1,at_home,at_home,other,mother,1,2,0,no,no,no,yes,yes,yes,yes,yes,4,5,5,1,2,3,2,11,10
1992,GP,F,17,U,GT3,T,4,3,health,services,reputation,mother,1,3,0,no,yes,no,no,yes,yes,yes,no,4,2,2,1,2,3,0,17,18
1005,GP,F,18,R,LE3,T,1,1,at_home,other,reputation,mother,2,4,0,no,yes,no,yes,yes,yes,no,no,5,2,2,1,1,3,2,17,17
1920,MS,F,16,R,LE3,T,1,2,at_home,other,course,mother,1,2,0,no,no,no,yes,yes,no,yes,no,4,4,5,1,3,3,0,8,9
1697,MS,M,18,R,LE3,T,3,2,services,other,course,mother,3,1,0,no,no,no,no,no,yes,yes,no,4,4,1,3,4,5,0,11,12
1782,MS,F,18,U,GT3,T,1,1,at_home,services,course,mother,3,2,1,no,no,no,no,yes,no,no,no,4,4,2,1,2,2,2,9,10
1906,GP,M,17,R,GT3,T,2,2,other,other,course,father,2,2,0,no,yes,yes,yes,yes,yes,yes,no,4,5,2,1,1,1,4,11,11
1751,GP,F,17,U,LE3,T,4,2,teacher,services,reputation,mother,1,4,0,no,yes,yes,yes,yes,yes,yes,no,4,2,3,1,1,4,6,14,12
1466,GP,F,17,R,GT3,T,2,1,at_home,services,reputation,mother,2,2,0,no,yes,no,yes,yes,yes,yes,no,4,2,5,1,2,5,2,6,6
1827,GP,M,16,U,GT3,T,4,4,services,services,course,mother,1,1,0,no,no,yes,yes,yes,yes,yes,no,5,3,2,1,2,5,4,14,15
2031,GP,M,16,U,LE3,A,4,4,teacher,health,reputation,mother,1,2,0,no,yes,no,no,yes,yes,no,no,4,1,3,3,5,5,18,8,6
1173,GP,F,16,U,LE3,T,2,2,other,other,home,mother,2,2,0,no,yes,no,yes,no,yes,yes,yes,3,3,3,1,2,3,16,11,11
1275,GP,M,18,U,LE3,T,2,1,services,other,course,mother,3,2,1,no,no,no,yes,no,no,yes,no,4,4,5,4,4,5,4,11,10
2007,GP,F,15,U,LE3,T,3,2,services,other,reputation,mother,1,2,0,no,yes,no,no,yes,yes,yes,no,4,4,4,1,1,5,4,12,11
1438,GP,M,19,U,LE3,A,4,3,services,at_home,reputation,mother,1,2,0,no,yes,no,no,yes,yes,yes,no,4,3,1,1,1,1,12,11,11
1693,GP,M,16,U,GT3,T,3,3,services,other,home,mother,1,2,0,no,no,yes,yes,yes,yes,yes,yes,4,2,3,1,2,3,2,12,13
1443,MS,M,17,U,LE3,T,3,1,services,services,course,mother,2,1,0,no,no,no,no,no,yes,yes,no,2,4,5,3,4,2,6,10,10
1094,GP,M,16,R,GT3,T,3,3,services,services,reputation,mother,1,1,0,no,yes,no,yes,yes,yes,yes,no,4,3,2,3,4,5,8,8,9
1342,GP,M,18,R,GT3,T,4,3,teacher,services,course,mother,1,3,0,no,no,no,no,yes,yes,yes,yes,5,3,2,1,2,4,4,15,14
1811,MS,F,18,U,GT3,T,4,4,teacher,teacher,reputation,mother,2,2,0,no,no,no,yes,no,yes,yes,no,4,3,5,1,2,1,0,18,18
1471,MS,F,16,R,GT3,T,2,2,other,other,course,father,3,2,0,no,yes,no,no,yes,no,yes,no,3,4,5,1,2,1,1,9,10
1779,GP,F,17,R,LE3,T,3,1,services,other,reputation,mother,2,4,0,no,yes,yes,no,yes,yes,no,no,3,1,2,1,1,3,6,18,18
1445,MS,M,18,U,GT3,T,4,4,teacher,teacher,home,father,1,2,0,no,no,no,yes,no,yes,yes,no,3,2,4,1,4,2,4,17,18
2011,GP,M,17,U,GT3,T,3,2,services,services,course,mother,1,1,3,no,yes,no,yes,yes,yes,yes,no,5,5,5,2,4,5,16,6,5
1873,MS,F,15,R,LE3,T,1,1,at_home,services,reputation,father,2,2,0,no,yes,no,no,yes,yes,yes,no,5,4,3,1,2,4,0,10,10
1402,MS,F,16,R,GT3,T,4,4,teacher,teacher,course,mother,2,3,0,no,no,no,yes,yes,yes,yes,yes,4,2,2,1,1,4,6,16,16
1456,MS,M,18,R,LE3,T,3,2,services,other,course,mother,3,1,0,no,no,no,no,no,yes,yes,no,4,4,1,3,4,5,4,10,11
1749,GP,F,16,U,GT3,T,3,2,other,other,reputation,mother,1,2,0,no,yes,no,no,yes,yes,yes,no,1,2,2,1,2,1,8,14,15
1227,GP,M,17,R,GT3,T,1,3,other,other,course,father,3,2,1,no,yes,no,yes,yes,yes,yes,no,5,2,4,1,4,5,20,9,7
2024,GP,M,16,U,GT3,T,4,3,health,services,reputation,mother,1,4,0,no,no,no,yes,yes,yes,yes,no,4,2,2,1,1,2,4,19,19
1789,GP,F,17,U,GT3,A,3,3,health,other,reputation,mother,1,2,0,no,yes,no,no,no,yes,yes,yes,3,3,3,1,3,3,6,8,7
1427,MS,F,18,U,GT3,T,2,3,at_home,services,course,father,2,1,0,no,yes,no,no,yes,yes,yes,yes,5,2,3,1,2,4,0,10,10
1985,GP,F,17,U,GT3,T,3,3,services,other,home,mother,2,3,0,no,yes,no,no,yes,yes,yes,yes,4,2,2,2,3,5,10,11,11
1239,GP,F,17,U,GT3,T,4,4,services,teacher,home,mother,2,1,1,no,yes,no,no,yes,yes,yes,no,4,2,4,2,3,2,30,14,15
1179,MS,F,17,R,LE3,A,3,1,other,at_home,course,other,2,3,0,no,yes,yes,no,yes,no,no,no,4,2,3,2,2,3,5,8,7
1621,GP,M,18,U,GT3,T,4,3,teacher,other,course,mother,1,2,0,no,yes,yes,no,no,yes,yes,no,4,3,2,1,1,3,2,8,8
1378,GP,M,16,U,GT3,T,4,4,health,other,course,mother,1,1,0,no,yes,no,yes,yes,yes,yes,no,3,4,4,1,4,5,18,14,11
1555,MS,M,18,U,LE3,T,1,3,at_home,services,course,mother,1,1,0,no,no,no,no,yes,no,yes,yes,4,3,3,2,3,3,0,9,10
1128,GP,M,18,U,LE3,T,1,1,other,other,course,mother,1,1,3,no,no,no,no,yes,no,yes,yes,2,3,5,2,5,4,0,6,5
1117,GP,F,19,U,LE3,T,3,2,services,other,reputation,other,2,2,1,no,yes,yes,no,no,yes,yes,yes,4,2,2,1,2,1,22,13,10
1541,GP,M,16,U,GT3,T,3,3,services,other,home,father,1,3,0,no,yes,no,yes,yes,yes,yes,no,5,3,3,1,1,5,4,13,14
1349,GP,M,15,R,GT3,T,3,4,at_home,teacher,course,mother,4,2,0,no,yes,no,no,yes,yes,no,yes,5,3,3,1,1,5,2,12,11
2010,GP,M,15,U,GT3,T,2,2,services,services,home,father,1,4,0,no,yes,yes,yes,yes,yes,yes,no,5,5,4,1,2,5,6,16,14
1162,GP,M,15,U,LE3,T,1,2,other,other,course,mother,2,1,0,no,no,no,yes,yes,yes,no,no,4,4,4,2,4,5,2,8,9
1744,GP,M,15,U,GT3,T,4,2,other,other,course,mother,1,4,0,no,no,no,no,yes,yes,yes,no,3,3,3,1,1,3,0,10,10
1006,MS,F,16,R,GT3,T,2,3,at_home,services,course,mother,2,2,0,no,no,no,no,yes,yes,no,no,4,5,2,1,2,5,0,16,17
1101,GP,F,17,U,LE3,T,1,1,at_home,at_home,course,mother,1,3,0,no,yes,no,yes,yes,yes,yes,yes,4,3,2,1,2,4,10,11,10
1344,GP,M,17,U,LE3,T,4,3,teacher,other,course,mother,2,2,0,no,no,yes,yes,yes,yes,yes,no,4,4,4,4,4,4,4,10,9
1320,MS,F,15,R,GT3,T,1,2,other,services,course,mother,2,1,0,no,no,no,no,yes,yes,no,no,5,1,2,1,1,1,3,11,13
1492,GP,F,17,U,GT3,T,3,3,other,other,home,mother,1,3,0,no,no,no,yes,no,yes,no,no,3,2,3,1,1,4,4,10,9
1679,GP,F,18,U,LE3,A,2,1,other,other,course,mother,1,2,0,no,yes,no,no,no,yes,yes,yes,4,3,4,1,3,5,2,12,12
2030,GP,F,17,R,LE3,T,3,1,services,other,reputation,mother,2,4,0,no,yes,no,no,yes,yes,no,no,3,1,2,1,1,3,0,18,19
1493,GP,F,18,U,GT3,T,3,3,at_home,other,course,father,1,2,0,no,yes,no,no,yes,yes,yes,no,4,1,4,1,1,3,8,11,12
1219,GP,F,16,U,GT3,A,2,2,other,other,reputation,mother,1,2,0,yes,yes,yes,no,yes,yes,yes,no,3,3,4,1,1,4,0,12,13
1519,GP,M,15,U,LE3,A,3,2,services,other,home,mother,1,2,0,no,yes,no,no,yes,yes,yes,no,4,2,2,1,1,1,0,15,16
1416,GP,F,18,U,GT3,T,4,3,services,other,home,father,1,2,0,no,yes,no,no,yes,yes,yes,yes,3,1,2,1,3,2,2,15,15
1771,MS,F,19,U,LE3,T,2,2,other,other,home,mother,1,3,0,no,no,no,no,yes,yes,yes,yes,5,4,5,1,1,1,0,12,13
1050,GP,M,15,U,LE3,A,2,1,services,other,course,mother,4,1,3,no,no,no,no,yes,yes,yes,no,4,5,5,2,5,5,0,8,9
1747,MS,F,18,U,LE3,T,1,1,at_home,services,course,father,2,3,0,no,no,no,no,yes,yes,yes,no,5,3,2,1,1,4,0,18,16
1904,MS,M,18,R,GT3,T,4,4,at_home,services,other,mother,3,1,0,no,yes,yes,yes,yes,yes,yes,yes,2,5,5,1,1,1,5,12,13
1558,GP,F,18,U,LE3,T,4,3,other,other,home,other,2,2,0,no,yes,no,no,yes,yes,yes,yes,4,4,5,1,2,2,0,13,14
1523,GP,F,16,U,GT3,T,2,3,services,services,course,mother,1,2,0,no,no,no,no,yes,yes,yes,no,4,3,3,1,1,2,6,12,12
1821,GP,M,18,U,LE3,T,2,1,at_home,other,course,mother,4,2,0,yes,yes,no,yes,yes,yes,yes,yes,4,3,2,4,5,3,2,9,10
1109,GP,M,15,U,LE3,A,3,2,services,other,home,mother,1,2,0,no,yes,yes,no,yes,yes,yes,no,4,2,2,1,1,1,0,16,18
1197,GP,F,17,U,LE3,T,4,2,teacher,services,reputation,mother,1,4,0,no,yes,no,yes,yes,yes,yes,no,4,2,3,1,1,4,2,14,15
2040,GP,M,15,U,GT3,A,2,2,other,other,home,other,1,3,0,no,yes,no,no,yes,yes,yes,yes,4,5,2,1,1,3,0,14,14
1182,GP,M,15,U,GT3,T,2,2,services,services,course,father,1,1,0,yes,yes,no,no,yes,yes,yes,no,5,4,1,1,1,1,0,9,10
1989,GP,F,15,U,GT3,T,4,4,services,services,reputation,father,2,2,2,no,no,yes,no,yes,yes,yes,yes,4,4,4,2,3,5,6,7,9
1553,MS,M,17,U,GT3,T,3,3,services,at_home,course,mother,2,4,1,no,yes,yes,yes,yes,yes,no,no,5,4,5,3,4,5,0,10,11
1171,GP,M,17,R,LE3,T,1,2,other,other,reputation,mother,1,1,3,no,no,no,no,yes,yes,no,no,2,2,2,3,3,5,14,9,8
1116,GP,F,17,U,GT3,A,4,4,other,teacher,home,mother,2,2,0,yes,yes,no,no,yes,yes,no,no,4,1,4,1,1,1,2,10,13
1912,MS,F,19,R,GT3,T,2,3,services,other,course,mother,1,3,1,no,no,no,yes,no,yes,yes,no,5,4,2,1,2,5,0,7,5
1781,GP,F,16,U,GT3,T,1,1,services,services,course,father,4,1,0,yes,yes,no,yes,no,yes,yes,yes,5,5,5,5,5,5,0,10,10
1979,GP,M,16,U,LE3,T,4,2,teacher,other,course,mother,1,2,0,no,no,no,yes,yes,yes,yes,no,4,5,1,1,3,5,0,12,13
1963,GP,F,15,R,GT3,T,3,4,services,teacher,course,father,2,3,0,no,yes,no,no,yes,yes,yes,yes,4,2,2,2,2,5,0,10,11
1945,MS,M,19,U,GT3,T,1,1,other,other,other,mother,1,2,2,no,yes,no,yes,yes,no,yes,no,4,4,3,3,4,4,2,9,9
1434,MS,M,18,R,GT3,T,1,3,at_home,other,course,mother,2,2,0,no,yes,yes,no,yes,yes,no,no,3,3,4,2,4,3,4,10,10
1768,MS,F,17,R,GT3,T,2,2,other,other,other,mother,2,2,0,yes,no,yes,no,yes,yes,no,no,5,1,3,1,1,5,0,11,9
1919,GP,F,19,U,GT3,T,0,1,at_home,other,course,other,1,2,2,no,yes,no,no,no,no,no,no,3,4,2,1,1,5,0,9,10
1674,GP,M,18,U,GT3,T,2,2,services,other,home,mother,1,2,1,no,yes,yes,yes,yes,yes,yes,no,4,4,4,2,4,5,15,6,7
1016,GP,F,16,U,GT3,T,4,4,health,health,reputation,mother,1,2,0,no,yes,no,no,yes,yes,yes,yes,4,4,2,1,1,3,0,16,16
1092,GP,F,18,U,GT3,T,1,4,other,teacher,home,mother,1,2,0,yes,yes,no,no,no,yes,no,yes,3,4,4,1,2,5,2,10,10
1608,GP,F,18,U,LE3,A,4,4,health,other,home,mother,1,2,0,no,yes,yes,no,yes,yes,yes,yes,4,2,4,1,1,4,0,14,15
1656,GP,F,17,U,GT3,T,2,2,other,other,course,mother,1,2,0,no,yes,no,no,no,yes,yes,no,5,4,5,1,2,5,12,12,12
1658,GP,F,17,U,GT3,T,1,1,at_home,services,course,mother,1,2,0,no,no,no,yes,yes,yes,yes,no,5,3,3,1,1,3,0,8,8
1224,MS,M,16,U,LE3,T,2,2,services,services,other,mother,4,3,0,no,no,no,no,yes,yes,no,no,5,1,3,2,2,3,0,10,9
1993,GP,F,16,U,LE3,T,4,4,teacher,teacher,reputation,mother,1,2,0,no,yes,yes,no,yes,yes,yes,no,4,5,2,1,2,3,0,9,9
1090,MS,F,19,U,LE3,A,1,1,at_home,other,course,mother,1,1,0,no,yes,no,no,yes,no,no,no,1,4,4,1,1,5,0,6,8
1327,GP,F,17,U,LE3,T,2,4,services,services,course,father,1,2,0,no,no,no,yes,yes,yes,yes,yes,4,3,2,1,1,5,0,14,15
1637,GP,F,16,U,GT3,T,4,3,other,at_home,course,mother,1,3,0,yes,yes,no,no,yes,yes,yes,no,5,3,5,1,1,3,2,12,13
1805,GP,M,16,U,GT3,T,2,3,other,other,home,father,2,1,0,no,no,no,no,yes,yes,yes,no,5,3,3,1,1,3,0,13,14
1382,GP,F,18,U,GT3,T,2,1,other,other,course,other,2,3,0,no,yes,no,no,no,yes,yes,yes,4,4,4,1,1,3,10,12,10
1605,GP,F,16,U,LE3,T,2,2,other,at_home,course,father,2,2,1,yes,no,no,yes,yes,yes,yes,no,4,3,3,2,2,5,14,10,11
1358,MS,F,18,R,GT3,T,2,2,at_home,other,course,mother,3,2,1,no,no,no,yes,yes,yes,no,yes,4,3,3,1,1,4,0,9,0
1246,GP,F,17,U,LE3,T,0,2,at_home,at_home,home,father,2,3,0,no,no,no,no,yes,yes,yes,no,3,3,3,2,3,2,0,14,14
1312,GP,M,16,U,LE3,T,1,2,other,other,course,mother,2,1,1,no,no,no,yes,yes,yes,no,no,4,4,4,2,4,5,0,7,0
1546,GP,F,17,U,GT3,T,4,3,health,services,reputation,mother,1,3,0,no,yes,yes,no,yes,yes,yes,no,4,2,2,1,2,3,0,15,15
1545,MS,F,18,U,LE3,T,1,1,at_home,services,course,father,2,3,0,no,no,no,no,yes,yes,yes,no,5,3,2,1,1,4,0,19,17
1290,GP,F,18,U,GT3,T,2,1,other,other,course,other,2,3,0,no,yes,yes,no,no,yes,yes,yes,4,4,4,1,1,3,0,7,0
1935,GP,M,20,U,GT3,A,3,2,services,other,course,other,1,1,0,no,no,no,yes,yes,yes,no,no,5,5,3,1,1,5,0,17,18
1380,GP,M,17,U,LE3,A,4,1,services,other,home,mother,2,1,0,no,no,no,yes,yes,yes,yes,yes,4,5,4,2,4,5,22,11,11
1081,GP,F,17,U,GT3,T,3,2,other,other,home,mother,1,2,0,no,yes,yes,no,yes,yes,yes,yes,4,3,2,2,3,2,0,7,8
1477,GP,F,16,R,GT3,T,3,3,services,other,reputation,father,1,3,0,yes,yes,no,yes,yes,yes,yes,no,4,1,2,1,1,2,4,11,11
1727,GP,F,16,U,GT3,T,2,1,other,other,home,mother,1,1,0,no,no,no,no,yes,yes,yes,yes,4,5,2,1,1,5,20,13,12
1465,GP,M,17,R,GT3,T,1,2,at_home,other,home,mother,1,2,0,no,no,no,no,yes,yes,no,no,3,1,3,1,5,3,6,9,9
1597,GP,F,17,U,GT3,T,2,4,at_home,health,reputation,mother,2,2,0,no,yes,no,no,yes,yes,yes,yes,4,3,3,1,1,1,6,15,16
1207,GP,F,15,R,GT3,T,3,3,services,services,reputation,other,2,3,0,no,yes,yes,yes,yes,yes,yes,yes,4,2,1,2,3,3,2,13,13
1506,GP,M,17,U,GT3,T,4,4,services,teacher,home,mother,1,1,0,no,no,no,no,yes,yes,yes,no,5,2,3,1,2,5,4,13,13
1372,GP,F,18,U,LE3,T,4,3,health,services,course,mother,2,1,0,no,yes,no,no,yes,yes,yes,no,3,2,4,1,4,1,8,12,12
1388,GP,M,18,U,GT3,T,2,2,other,at_home,course,other,1,1,1,no,yes,no,yes,no,no,yes,yes,4,4,3,2,2,1,26,7,8
1598,GP,M,18,U,GT3,T,2,2,other,other,home,mother,2,2,0,no,yes,yes,no,yes,yes,yes,no,3,3,3,5,5,4,0,12,13
2002,MS,F,16,U,GT3,T,1,2,other,services,course,mother,1,3,1,no,yes,no,no,yes,yes,no,no,1,3,2,1,2,4,3,9,8
1830,GP,F,16,U,LE3,A,3,3,other,services,home,mother,1,2,0,no,yes,no,no,yes,yes,yes,no,2,3,5,1,4,3,12,11,12
1735,GP,M,15,R,GT3,T,2,1,health,services,reputation,mother,1,2,0,no,no,no,yes,yes,yes,yes,yes,5,4,2,1,1,5,8,9,9
1577,MS,M,17,U,GT3,T,1,1,at_home,services,other,mother,3,2,0,no,no,no,no,yes,yes,yes,yes,5,1,3,3,3,1,0,10,10
1414,GP,M,16,U,LE3,T,2,2,services,services,reputation,father,2,1,2,no,yes,no,yes,yes,yes,yes,no,2,3,3,2,2,2,8,9,9
1354,MS,F,17,R,GT3,T,1,2,other,services,course,father,2,2,0,no,no,no,no,no,yes,no,no,3,2,2,1,2,3,0,12,11
1056,GP,M,16,U,GT3,T,2,2,other,other,course,father,1,2,0,no,no,no,no,yes,no,yes,no,4,3,5,2,4,4,0,9,10
1677,GP,M,17,U,LE3,A,3,2,teacher,services,home,mother,1,1,1,no,no,no,no,yes,yes,yes,no,4,4,4,3,4,3,19,11,9
1030,GP,F,15,R,GT3,T,3,4,services,teacher,course,father,2,3,2,no,yes,no,no,yes,yes,yes,yes,4,2,2,2,2,5,0,12,0
1802,MS,F,18,R,GT3,T,2,2,at_home,other,other,mother,2,3,0,no,no,no,no,yes,yes,no,no,5,3,3,1,3,4,0,14,17
1991,MS,F,18,R,GT3,T,2,2,at_home,other,other,mother,2,3,0,no,no,yes,no,yes,yes,no,no,5,3,3,1,3,4,2,10,9
1504,MS,M,18,U,GT3,T,3,3,at_home,at_home,course,mother,1,2,2,no,yes,no,yes,yes,no,yes,no,4,4,5,1,3,3,9,4,8
1247,GP,F,18,U,GT3,T,4,3,other,other,course,mother,1,3,0,no,yes,yes,yes,yes,yes,yes,yes,4,3,4,1,1,5,9,9,10
1387,MS,M,15,R,LE3,T,4,1,health,services,reputation,father,1,2,0,no,yes,no,yes,yes,yes,yes,no,5,3,4,1,2,2,0,12,13
1245,GP,F,16,U,GT3,T,3,1,services,other,course,mother,1,4,0,yes,yes,no,no,yes,yes,yes,no,4,3,3,1,2,5,0,10,9
1643,GP,M,16,U,LE3,T,1,1,other,other,home,mother,2,2,0,no,yes,no,no,yes,yes,yes,no,3,4,2,1,1,5,2,9,9
1345,GP,M,15,U,LE3,T,4,3,teacher,services,home,mother,1,3,0,no,yes,no,yes,yes,yes,yes,no,5,4,3,1,1,4,2,15,16
1903,MS,F,18,U,LE3,T,3,1,teacher,services,course,mother,1,2,0,no,yes,yes,no,yes,yes,yes,no,4,3,4,1,1,1,0,7,9
1038,GP,M,15,U,LE3,T,4,4,health,services,course,father,1,1,0,no,yes,no,yes,yes,yes,yes,no,4,3,3,1,3,5,0,12,13
1012,GP,F,18,U,LE3,T,1,1,other,other,home,mother,2,2,0,no,yes,no,no,no,yes,no,no,4,4,3,1,1,3,2,13,13
1218,GP,M,16,U,GT3,T,3,2,other,other,home,mother,1,1,0,no,yes,yes,no,no,yes,yes,no,5,4,3,1,1,5,0,12,14
1950,GP,F,16,U,GT3,T,2,2,other,other,reputation,mother,1,4,0,no,no,no,no,yes,yes,yes,yes,5,2,3,1,3,3,1,13,13
1111,MS,F,16,R,LE3,T,1,2,other,other,reputation,mother,2,1,0,no,no,no,yes,yes,yes,yes,no,5,4,5,1,4,2,0,14,14
1376,MS,F,17,R,GT3,T,1,1,other,services,reputation,mother,3,1,1,no,yes,no,no,yes,yes,yes,yes,5,2,1,1,2,1,0,8,8
1195,GP,F,15,U,GT3,T,4,2,other,other,reputation,mother,1,3,0,no,yes,no,yes,yes,yes,yes,no,5,3,3,1,3,1,4,15,15
1803,MS,M,17,U,GT3,T,2,2,other,other,course,mother,1,1,1,no,no,no,yes,yes,yes,no,yes,1,2,1,2,3,5,0,7,0
1480,GP,F,15,R,GT3,T,2,2,at_home,other,reputation,mother,1,1,0,yes,yes,no,yes,yes,yes,no,no,4,3,1,1,1,2,8,14,13
1812,MS,F,18,R,GT3,T,4,4,other,teacher,other,father,3,2,0,no,yes,no,no,no,yes,yes,yes,3,2,2,4,2,5,0,7,5
1719,MS,F,16,U,GT3,A,3,2,services,at_home,course,mother,2,2,2,no,yes,no,yes,yes,yes,no,yes,2,5,5,1,1,1,8,5,5
1027,GP,M,16,U,LE3,T,4,2,teacher,other,course,mother,1,2,0,no,no,no,yes,yes,yes,yes,no,4,5,1,1,3,5,2,15,15
1706,GP,F,20,R,GT3,T,1,1,other,other,reputation,other,2,3,0,no,no,no,no,yes,yes,yes,yes,3,2,2,1,3,3,8,11,15
1415,GP,M,17,U,GT3,T,1,3,at_home,services,course,father,1,1,0,no,no,no,no,yes,no,yes,no,5,3,3,1,4,2,2,10,10
1769,GP,M,15,U,GT3,T,4,3,teacher,other,home,mother,1,2,0,no,yes,no,yes,yes,yes,yes,no,4,3,3,2,3,5,0,11,11
1886,GP,M,18,U,LE3,T,3,4,services,other,home,mother,1,2,0,no,no,no,yes,yes,yes,yes,yes,4,3,3,1,3,5,6,16,16
1798,GP,M,18,R,LE3,T,3,2,services,other,reputation,mother,2,3,0,no,yes,no,yes,yes,yes,yes,no,5,4,2,1,1,4,0,14,15
1308,GP,F,17,U,LE3,T,3,3,other,other,reputation,mother,1,2,0,no,yes,no,yes,yes,yes,yes,yes,5,3,3,2,3,1,32,14,13
1946,GP,F,15,U,GT3,T,2,1,services,other,reputation,father,3,3,0,no,yes,no,yes,yes,yes,yes,no,5,2,2,1,1,4,4,10,12
1915,GP,F,18,U,GT3,T,2,1,services,other,reputation,mother,1,2,3,no,yes,no,yes,yes,no,yes,yes,5,4,5,1,3,5,10,10,9
1304,GP,M,16,R,GT3,A,4,4,other,teacher,reputation,mother,2,3,0,no,yes,no,yes,yes,yes,yes,yes,2,4,3,1,1,5,7,15,16
1450,GP,F,15,U,GT3,T,4,4,services,at_home,course,mother,1,3,0,no,yes,no,yes,yes,yes,yes,yes,4,3,3,1,1,5,0,11,0
1520,GP,M,18,U,LE3,T,2,1,at_home,other,course,mother,4,2,0,yes,yes,yes,yes,yes,yes,yes,yes,4,3,2,4,5,3,14,10,8
1974,MS,M,16,U,GT3,T,2,1,health,services,other,mother,2,2,0,no,no,no,no,no,yes,yes,yes,4,2,2,1,4,5,2,9,7
1283,GP,F,15,U,GT3,T,4,3,services,other,reputation,mother,1,1,0,no,no,no,yes,yes,yes,yes,no,4,5,5,1,3,1,6,14,13
1425,GP,M,16,U,LE3,A,4,4,teacher,health,reputation,mother,1,2,0,no,yes,no,no,yes,yes,no,no,4,1,3,3,5,5,6,9,9
1586,GP,F,17,U,GT3,T,4,3,health,other,reputation,mother,1,3,0,no,yes,no,yes,yes,yes,yes,yes,4,4,3,1,3,4,0,11,12
1042,MS,F,18,U,GT3,T,1,1,other,other,course,mother,3,2,2,no,no,no,yes,yes,yes,no,yes,3,4,4,2,2,5,3,7,8
1651,GP,M,19,U,LE3,A,4,3,services,at_home,reputation,mother,1,2,0,no,yes,no,no,yes,yes,yes,no,4,3,1,1,1,1,4,11,13
1668,MS,M,17,U,GT3,T,2,3,other,services,home,father,2,2,0,no,no,no,yes,yes,yes,yes,no,4,4,3,1,1,3,2,11,11
1201,MS,F,19,R,GT3,A,1,1,at_home,at_home,course,other,2,2,3,no,yes,no,yes,yes,no,no,yes,3,5,4,1,4,1,0,8,0
1263,GP,M,15,U,GT3,T,2,3,other,other,home,mother,1,3,0,yes,no,no,no,no,yes,yes,no,5,3,2,1,2,5,2,10,9
1301,GP,M,17,R,GT3,T,2,2,other,services,other,mother,2,1,0,no,no,no,no,no,no,no,no,5,2,2,1,1,4,0,9,10
1742,GP,F,18,U,LE3,A,4,4,health,other,home,mother,1,2,0,no,yes,no,no,yes,yes,yes,yes,4,2,4,1,1,4,14,12,10
1866,MS,M,16,U,LE3,T,4,4,teacher,health,other,father,1,1,0,no,yes,no,no,yes,yes,yes,no,4,1,2,2,5,5,0,11,12
1353,GP,M,16,U,LE3,T,4,3,teacher,other,course,mother,1,1,0,no,no,no,yes,no,yes,yes,no,5,4,5,1,1,3,7,14,14
1898,GP,M,16,U,GT3,T,3,3,at_home,other,reputation,other,3,2,1,yes,yes,no,no,no,yes,yes,no,5,3,3,1,3,2,4,9,11
1539,GP,M,16,U,GT3,T,4,4,teacher,teacher,home,mother,1,2,0,no,yes,yes,yes,yes,yes,yes,yes,4,4,5,5,5,5,4,12,11
1676,GP,F,16,U,GT3,T,4,4,services,services,reputation,mother,1,3,0,no,yes,no,yes,yes,yes,yes,no,3,2,3,1,2,2,10,13,13
1561,MS,F,18,R,LE3,T,4,4,teacher,services,course,mother,1,2,0,no,no,no,yes,yes,yes,yes,no,5,4,3,3,4,2,1,13,14
1269,GP,M,18,U,GT3,T,2,1,services,services,reputation,mother,1,3,0,no,no,yes,yes,yes,yes,yes,no,4,2,4,1,3,2,6,15,14
1585,GP,F,16,U,GT3,A,2,1,other,other,other,mother,1,2,0,no,no,no,yes,yes,yes,yes,yes,5,3,4,1,1,2,2,12,13
1816,GP,F,16,U,LE3,T,2,2,services,services,course,mother,3,2,0,no,yes,yes,no,yes,yes,yes,no,4,3,3,2,3,4,2,12,13
1896,GP,F,16,U,GT3,T,1,1,services,services,course,father,4,1,0,yes,yes,no,yes,no,yes,yes,yes,5,5,5,5,5,5,6,10,8
1567,GP,F,18,U,LE3,A,2,4,services,other,course,mother,2,2,1,no,yes,no,no,yes,yes,yes,no,4,3,3,1,1,3,18,10,10
1089,MS,M,16,U,LE3,T,4,3,other,other,course,father,1,1,0,no,no,no,yes,yes,yes,yes,no,4,2,5,1,5,5,8,14,12
1862,GP,M,18,U,GT3,T,4,2,teacher,other,home,mother,1,2,0,no,yes,no,yes,yes,yes,yes,yes,4,3,2,1,4,5,2,15,16
1938,GP,M,17,R,LE3,A,4,4,teacher,other,course,mother,2,2,0,no,yes,no,no,yes,yes,yes,no,3,3,3,2,3,4,0,12,12
1566,MS,M,15,R,GT3,T,1,1,other,other,course,mother,4,2,0,no,yes,no,yes,yes,yes,no,yes,5,4,5,2,4,4,8,7,9
1007,GP,F,18,U,GT3,A,4,4,at_home,teacher,course,mother,2,2,0,yes,no,no,no,yes,yes,no,no,4,3,4,1,1,3,6,5,6
1826,GP,F,16,U,GT3,A,2,2,other,other,home,mother,1,1,1,no,no,no,no,yes,yes,no,no,5,3,4,1,1,5,12,13,11
1869,MS,F,17,U,LE3,A,3,2,services,other,reputation,mother,2,2,0,no,no,no,no,yes,yes,no,yes,1,2,3,1,2,5,0,15,14
1532,GP,F,17,U,LE3,T,2,2,services,other,course,mother,2,2,0,yes,yes,yes,no,yes,yes,yes,yes,4,4,4,2,3,5,6,12,12
1009,MS,M,17,U,LE3,A,1,0,other,other,home,mother,1,1,0,no,no,no,no,yes,yes,no,yes,4,1,2,1,1,5,4,11,11
1180,GP,F,18,U,GT3,T,1,1,other,other,home,mother,2,3,0,no,no,no,yes,yes,yes,yes,no,4,5,5,1,2,2,0,14,14
1973,GP,F,17,U,LE3,A,3,3,services,other,home,mother,1,2,0,yes,yes,no,no,yes,yes,yes,no,5,3,3,1,1,5,0,12,12
1490,GP,F,17,U,LE3,T,3,3,other,other,reputation,mother,1,2,0,no,yes,no,yes,yes,yes,yes,yes,5,3,3,2,3,1,56,9,9
1419,GP,F,17,U,GT3,T,1,1,at_home,other,reputation,mother,1,3,1,no,yes,no,yes,yes,yes,no,yes,4,3,4,1,1,5,0,6,5
1955,GP,F,15,U,GT3,T,3,2,health,services,home,father,1,2,1,no,yes,no,no,yes,yes,yes,no,3,3,2,1,1,3,2,11,11
1390,GP,M,16,U,GT3,T,3,2,services,services,course,mother,2,1,1,no,yes,no,yes,no,no,no,no,4,5,2,1,1,2,16,12,11
1799,GP,F,18,U,LE3,T,1,1,other,at_home,home,mother,1,3,0,no,yes,no,no,no,yes,no,no,4,4,3,2,3,3,4,11,12
1411,GP,M,17,U,GT3,T,3,3,health,other,home,mother,1,1,0,no,yes,yes,no,yes,yes,yes,no,4,4,3,1,3,5,4,14,12
1264,GP,M,16,R,GT3,T,2,1,other,other,course,mother,2,1,0,no,no,no,yes,no,yes,no,no,3,3,2,1,3,3,0,8,9
1359,GP,F,19,U,GT3,T,4,4,teacher,other,home,other,1,1,1,no,yes,no,no,yes,yes,yes,yes,3,2,5,4,4,5,5,9,10
1141,GP,F,19,U,LE3,T,1,1,at_home,other,reputation,other,1,2,1,yes,yes,no,yes,no,yes,yes,no,4,4,3,1,3,3,18,12,10
1332,GP,F,16,U,GT3,T,2,1,other,other,home,mother,1,1,0,no,no,no,no,yes,yes,yes,yes,4,5,2,1,1,5,4,9,10
1432,GP,F,16,R,GT3,T,2,2,services,services,reputation,mother,2,4,0,no,yes,yes,yes,no,yes,yes,no,5,3,5,1,1,5,6,10,10
1502,MS,F,18,R,GT3,A,4,3,services,services,course,mother,1,1,0,no,yes,no,no,yes,yes,yes,no,5,4,4,3,4,2,8,10,11
1554,GP,M,17,U,GT3,T,2,1,other,other,home,mother,2,1,3,yes,yes,no,yes,yes,no,yes,no,4,5,1,1,1,3,2,8,8
1267,GP,M,17,R,GT3,T,1,2,at_home,other,home,mother,1,2,0,no,no,no,no,yes,yes,no,no,3,1,3,1,5,3,4,8,9
1507,MS,F,16,R,LE3,T,1,1,services,services,home,mother,1,1,0,no,yes,no,yes,yes,yes,yes,yes,4,4,4,2,2,4,2,14,14
1266,GP,F,16,U,GT3,T,2,2,other,other,reputation,mother,1,4,0,no,no,yes,no,yes,yes,yes,yes,5,2,3,1,3,3,0,11,11
1834,GP,M,17,R,GT3,T,2,1,other,other,course,mother,1,1,0,no,no,no,no,no,yes,yes,no,4,4,2,2,4,5,0,12,12
1564,GP,F,17,U,GT3,T,1,1,services,teacher,reputation,mother,1,3,0,no,yes,no,no,yes,yes,yes,no,4,3,3,1,1,3,0,13,13
1433,GP,F,17,U,GT3,T,2,2,other,other,course,mother,1,2,0,no,yes,no,no,yes,yes,no,yes,4,2,2,1,1,3,12,11,9
1238,GP,F,17,U,GT3,T,4,3,other,other,reputation,mother,1,2,2,no,no,yes,no,yes,yes,yes,yes,3,4,5,2,4,1,22,6,6
1322,GP,M,18,U,GT3,T,3,2,services,other,course,mother,2,1,0,no,no,no,no,yes,no,yes,no,4,4,5,2,4,5,8,7,8
1940,GP,M,15,U,LE3,T,4,2,teacher,other,course,mother,1,1,0,no,no,no,no,yes,yes,yes,no,3,5,2,1,1,3,10,18,17
1796,GP,F,15,U,GT3,T,4,2,other,other,reputation,mother,1,3,0,no,yes,no,yes,yes,yes,yes,no,5,3,3,1,3,1,4,13,14
1113,GP,F,15,U,GT3,T,1,2,at_home,services,course,mother,1,2,0,no,no,no,no,no,yes,yes,no,3,2,3,1,2,1,2,16,15
1740,GP,F,17,U,GT3,T,3,1,services,services,course,father,1,3,0,no,yes,no,no,no,yes,yes,no,3,4,3,2,3,5,0,17,18
1547,GP,M,17,U,GT3,T,4,3,other,other,course,mother,1,2,0,no,yes,no,yes,yes,yes,yes,yes,5,2,3,1,1,2,4,10,10
1944,MS,F,18,R,GT3,T,2,2,other,other,other,mother,2,1,1,no,no,no,no,yes,no,yes,yes,5,5,5,1,1,3,0,8,6
1428,GP,F,16,U,GT3,T,4,3,teacher,other,other,mother,1,2,0,no,no,no,yes,yes,yes,yes,yes,1,3,2,1,1,1,4,14,15
1589,GP,M,18,U,GT3,T,4,4,teacher,services,home,mother,2,1,0,no,no,yes,yes,yes,yes,yes,no,3,2,4,1,4,3,22,9,9
1581,GP,F,17,U,GT3,T,3,1,services,services,course,father,1,3,0,no,yes,no,no,no,yes,yes,no,3,4,3,2,3,5,1,12,14
1296,MS,F,17,R,GT3,T,3,1,at_home,other,reputation,mother,1,2,0,no,yes,no,yes,no,yes,yes,no,4,5,4,2,3,1,10,8,9
1177,GP,F,16,U,LE3,T,4,3,teacher,services,course,mother,3,2,0,no,yes,no,yes,yes,yes,yes,no,5,4,3,1,2,1,2,16,15
1209,GP,M,16,U,GT3,T,1,2,services,services,other,mother,1,1,0,no,yes,no,yes,yes,yes,yes,yes,3,3,3,1,2,3,0,10,9
1063,MS,F,19,R,GT3,T,2,3,services,other,course,mother,1,3,1,no,no,no,yes,no,yes,yes,no,5,4,2,1,2,5,4,10,11
1910,GP,F,15,U,GT3,T,4,4,teacher,services,course,mother,1,3,0,no,yes,no,yes,yes,yes,yes,no,4,2,2,1,1,5,2,13,13
1026,GP,F,18,U,LE3,T,4,2,teacher,other,course,mother,1,2,0,no,yes,no,yes,yes,yes,yes,no,4,2,2,1,1,3,0,14,17
1795,MS,M,19,U,LE3,T,1,1,other,at_home,course,father,1,1,0,no,no,no,no,yes,yes,yes,no,3,2,3,3,3,5,5,8,9
1151,GP,F,17,R,GT3,T,3,4,at_home,services,course,father,1,3,0,no,yes,no,yes,no,yes,yes,no,4,3,4,2,5,5,2,15,15
1257,MS,F,17,U,GT3,T,4,2,teacher,services,home,mother,1,2,0,yes,yes,no,yes,yes,yes,yes,no,5,5,5,1,3,5,0,8,8
1095,GP,F,17,R,GT3,T,2,1,at_home,services,course,mother,3,2,0,no,no,no,yes,yes,yes,no,no,2,1,1,1,1,3,2,13,11
1840,MS,F,15,R,GT3,T,3,3,services,other,reputation,mother,1,2,0,no,yes,no,no,yes,yes,yes,yes,4,5,4,1,1,1,4,13,12
1374,GP,M,17,U,GT3,T,3,1,services,other,other,mother,1,2,0,no,no,yes,yes,yes,yes,yes,yes,5,4,4,3,4,5,2,9,9
1653,GP,M,17,R,GT3,T,2,2,other,other,course,father,2,2,0,no,yes,no,yes,yes,yes,yes,no,4,5,2,1,1,1,0,12,13
1464,GP,M,16,U,GT3,T,2,2,other,other,course,father,1,2,0,no,no,no,no,yes,no,yes,no,4,3,5,2,4,4,4,10,10
1629,GP,F,18,U,GT3,T,2,3,at_home,other,course,mother,1,3,0,no,yes,no,no,yes,yes,yes,no,4,3,3,1,2,3,0,11,12
1536,GP,F,18,U,GT3,T,2,3,other,services,reputation,father,1,4,0,no,yes,no,yes,yes,yes,yes,yes,4,5,5,1,3,2,10,16,16
1406,MS,M,17,U,GT3,T,3,3,services,services,home,mother,1,1,0,no,yes,no,yes,yes,yes,yes,no,4,1,4,5,5,3,8,7,10
1613,GP,M,15,U,LE3,T,2,2,services,services,home,mother,2,2,0,no,no,yes,yes,yes,yes,yes,no,5,3,3,1,3,4,2,13,12
1880,GP,M,16,R,GT3,T,2,1,other,other,course,mother,2,1,0,no,no,no,yes,no,yes,no,no,3,3,2,1,3,3,2,14,13
1636,GP,M,17,U,GT3,T,1,1,other,other,reputation,father,1,2,0,no,no,yes,no,no,yes,yes,no,4,3,3,1,2,4,2,12,10
1755,GP,M,17,U,GT3,T,3,1,services,other,other,mother,1,2,0,no,no,no,yes,yes,yes,yes,yes,5,4,4,3,4,5,0,11,11
1615,MS,F,16,R,GT3,T,4,4,health,teacher,reputation,father,1,2,0,no,no,no,yes,no,yes,yes,yes,4,3,3,2,3,2,0,14,16
2005,GP,F,17,U,GT3,T,3,4,services,other,course,mother,1,3,0,no,no,no,no,yes,yes,yes,no,4,4,5,1,3,5,16,16,15
1127,GP,F,19,U,GT3,T,3,3,other,services,home,other,1,2,2,no,yes,yes,yes,yes,yes,yes,no,4,3,5,3,3,5,15,9,9
1733,MS,M,17,U,GT3,T,3,4,services,other,other,mother,1,2,1,no,yes,no,yes,no,yes,yes,yes,5,4,4,3,4,5,8,8,9
1463,GP,F,18,U,GT3,T,2,2,at_home,at_home,other,mother,1,3,0,no,yes,no,no,yes,yes,yes,no,4,3,3,1,2,2,0,18,18
1655,MS,F,16,U,GT3,T,4,4,teacher,services,course,mother,2,3,0,no,yes,no,no,yes,yes,yes,yes,5,3,5,1,4,5,1,10,11
2020,GP,F,17,U,GT3,T,3,2,other,other,home,mother,1,2,0,no,yes,no,no,yes,yes,yes,yes,4,3,2,2,3,2,0,12,13
1761,GP,F,17,U,LE3,T,2,2,services,services,course,father,1,4,0,no,no,yes,yes,yes,yes,yes,yes,3,4,1,1,1,2,0,10,9
1591,MS,F,17,R,GT3,T,2,1,at_home,other,course,mother,3,1,0,no,yes,no,yes,yes,no,no,yes,5,5,3,1,1,3,2,9,10
2033,MS,F,16,R,LE3,T,2,2,other,services,course,father,1,2,0,no,no,no,yes,yes,yes,no,yes,5,4,3,1,1,1,0,11,13
1833,GP,F,17,R,GT3,T,4,3,teacher,other,reputation,mother,2,3,0,no,yes,no,yes,yes,yes,yes,yes,4,4,2,1,1,4,0,11,12
1709,GP,F,16,U,LE3,T,3,3,other,other,reputation,mother,2,2,0,no,yes,yes,yes,yes,yes,yes,no,4,4,5,1,1,4,4,10,11
1923,MS,F,19,U,GT3,T,1,1,at_home,services,other,father,2,1,1,no,no,no,no,yes,no,no,no,5,5,5,2,3,2,0,5,0
1592,GP,M,15,U,GT3,A,4,4,other,services,reputation,mother,1,4,0,no,yes,no,yes,no,yes,yes,yes,1,3,3,5,5,3,0,11,12
1328,GP,F,16,U,GT3,A,3,1,services,other,course,mother,1,2,3,no,yes,yes,no,yes,yes,yes,no,2,3,3,2,2,4,5,7,7
1459,GP,M,15,U,LE3,A,4,2,health,health,other,father,2,1,1,no,no,no,no,yes,yes,no,no,5,5,5,3,4,5,6,11,11
1435,MS,F,15,R,LE3,T,2,2,other,other,other,father,1,3,0,yes,yes,no,no,yes,yes,no,no,4,4,3,2,2,5,2,14,11
1765,GP,F,16,U,GT3,T,4,3,teacher,other,other,mother,1,2,0,no,no,yes,yes,yes,yes,yes,yes,1,3,2,1,1,1,10,11,12
1454,MS,F,17,U,GT3,A,1,0,other,other,other,mother,2,2,0,no,no,no,no,yes,yes,yes,yes,4,4,5,1,1,4,1,11,9
1176,GP,M,17,U,LE3,T,2,3,services,services,reputation,father,1,2,0,no,yes,yes,no,no,yes,yes,no,5,3,3,1,3,3,2,12,11
1398,GP,F,17,U,GT3,A,2,2,at_home,at_home,home,father,1,2,1,no,yes,no,no,yes,yes,yes,yes,3,3,1,1,2,4,0,9,8
2000,GP,F,18,U,GT3,T,3,2,at_home,other,reputation,father,1,3,0,no,yes,no,no,yes,yes,yes,yes,4,3,4,1,2,2,5,14,17
1333,GP,F,16,U,GT3,T,3,4,at_home,other,course,mother,1,2,0,no,yes,no,no,yes,yes,yes,no,2,4,3,1,2,3,14,12,11
1133,GP,F,18,U,GT3,T,4,4,health,health,reputation,father,1,2,1,yes,yes,no,yes,yes,yes,yes,yes,2,4,4,1,1,4,15,9,8
1588,GP,F,15,U,GT3,T,2,3,other,other,other,father,2,1,0,no,yes,no,yes,yes,yes,no,no,3,5,1,1,1,5,0,8,7
1879,GP,M,19,R,GT3,T,3,3,other,services,reputation,father,1,2,1,no,no,no,yes,yes,yes,no,yes,4,5,3,1,2,5,0,15,12
1921,GP,F,17,U,LE3,T,0,2,at_home,at_home,home,father,2,3,0,no,no,no,no,yes,yes,yes,no,3,3,3,2,3,2,0,16,15
2015,GP,F,15,R,GT3,T,3,3,services,services,reputation,other,2,3,2,no,yes,yes,yes,yes,yes,yes,yes,4,2,1,2,3,3,8,10,10
1019,GP,F,15,R,GT3,T,1,1,other,other,course,mother,3,1,1,no,no,no,yes,yes,yes,yes,yes,5,5,5,1,1,1,2,8,9
1845,GP,M,17,U,GT3,T,3,3,other,services,reputation,mother,1,1,0,no,no,no,yes,no,yes,yes,no,4,3,5,3,5,5,3,14,15
1899,GP,F,15,U,GT3,T,2,1,services,other,reputation,father,3,3,0,no,yes,no,yes,yes,yes,yes,no,5,2,2,1,1,4,0,10,12
1491,GP,M,18,U,LE3,T,3,4,services,other,home,mother,1,2,0,no,no,no,yes,yes,yes,yes,yes,4,3,3,1,3,5,11,16,15
1048,GP,M,18,U,LE3,A,4,4,teacher,teacher,reputation,mother,1,2,0,no,yes,yes,yes,yes,yes,yes,no,5,4,3,1,1,2,9,15,13
1995,GP,F,18,R,LE3,T,1,1,at_home,other,reputation,mother,2,4,0,no,yes,yes,yes,yes,yes,no,no,5,2,2,1,1,3,1,12,12
1661,GP,M,15,U,LE3,T,4,3,teacher,services,home,mother,1,3,0,no,yes,no,yes,yes,yes,yes,no,5,4,3,1,1,4,0,14,14
1929,MS,F,19,U,LE3,T,3,2,services,services,home,other,2,2,2,no,no,no,yes,yes,yes,no,yes,3,2,2,1,1,3,4,7,7
1786,GP,M,16,U,GT3,T,4,3,teacher,other,home,mother,1,2,0,no,yes,yes,yes,yes,yes,yes,no,3,4,3,2,3,3,10,9,8
1618,GP,M,15,U,GT3,T,3,4,other,other,home,mother,1,2,0,no,yes,no,yes,yes,yes,yes,no,5,5,1,1,1,5,0,12,12
1259,GP,F,17,U,LE3,A,4,2,teacher,other,course,mother,1,2,0,no,yes,no,yes,yes,yes,no,no,4,3,2,1,1,4,4,15,14
1357,MS,F,17,R,GT3,T,0,0,at_home,other,course,mother,2,1,0,no,yes,no,no,yes,yes,yes,no,4,4,3,1,1,5,0,10,11
1579,MS,F,16,R,GT3,T,2,2,other,other,course,mother,2,2,0,no,yes,no,yes,yes,yes,yes,no,4,4,4,1,1,5,0,12,12
1086,MS,M,16,R,GT3,T,1,2,other,other,course,father,2,2,0,no,no,no,no,yes,yes,no,no,4,3,3,1,1,5,0,10,11
1206,MS,M,18,U,LE3,T,1,1,other,services,home,father,2,1,0,no,no,no,no,no,yes,yes,yes,3,3,2,1,2,3,2,14,13
1156,GP,M,16,U,GT3,T,1,0,other,other,reputation,mother,2,2,0,no,yes,yes,yes,yes,yes,yes,yes,4,3,2,1,1,3,2,13,15
1410,MS,M,15,U,GT3,T,3,1,other,services,home,mother,2,1,0,no,yes,no,no,yes,yes,no,no,3,2,3,1,3,4,0,10,9
1997,MS,F,17,U,GT3,T,3,2,at_home,other,home,mother,2,1,0,no,no,no,no,yes,yes,no,yes,4,3,3,2,2,1,5,9,11
1478,GP,F,17,U,GT3,T,2,1,services,other,reputation,mother,1,2,0,no,yes,no,yes,yes,yes,yes,no,4,3,5,2,4,4,4,12,16
1099,GP,F,16,U,GT3,T,2,2,at_home,other,home,mother,1,2,1,yes,no,no,yes,yes,yes,yes,no,3,1,2,1,1,5,6,10,13
1753,GP,M,15,R,GT3,T,2,1,health,services,reputation,mother,1,2,0,no,no,no,yes,yes,yes,yes,yes,5,4,2,1,1,5,4,10,9
1777,MS,F,16,U,LE3,T,4,4,services,services,other,father,2,1,0,no,yes,no,no,yes,yes,no,no,5,1,3,1,2,5,1,11,11
1623,MS,F,15,U,GT3,T,2,2,other,services,course,mother,2,3,0,no,yes,no,yes,yes,yes,no,no,5,3,2,1,1,4,0,12,13
1064,MS,F,16,R,GT3,T,2,3,at_home,services,other,mother,2,2,0,no,yes,no,yes,yes,yes,yes,no,3,3,3,1,1,2,0,8,10
1767,GP,F,17,U,LE3,T,4,3,health,other,reputation,father,1,2,0,no,no,no,yes,yes,yes,yes,yes,3,2,3,1,2,3,0,14,12
1253,GP,F,15,R,GT3,T,1,1,other,other,reputation,mother,1,2,0,yes,yes,no,no,no,yes,yes,yes,3,3,4,2,4,5,2,13,11
1129,GP,F,18,R,GT3,T,3,1,other,other,reputation,mother,1,2,0,no,no,no,yes,yes,yes,yes,yes,5,3,3,1,1,4,4,8,8
1144,GP,M,19,R,LE3,T,2,1,at_home,services,course,mother,2,3,1,no,no,no,yes,yes,yes,yes,yes,4,3,1,1,1,5,0,9,10
1083,GP,M,17,R,LE3,T,2,1,at_home,other,course,mother,2,1,2,no,no,no,yes,yes,no,yes,yes,3,3,2,2,2,5,0,7,6
2041,GP,F,15,U,GT3,A,4,3,services,services,reputation,mother,1,2,0,no,yes,yes,yes,yes,yes,yes,no,4,3,2,1,1,1,0,14,15
1375,GP,F,15,U,GT3,T,2,2,other,other,course,mother,1,4,0,yes,yes,no,no,yes,yes,yes,no,5,1,2,1,1,3,4,10,10
1844,GP,F,16,U,GT3,A,3,4,services,other,course,father,1,1,0,no,no,no,no,yes,yes,yes,no,3,2,1,1,4,5,16,12,11
1154,MS,M,15,R,LE3,T,4,1,health,services,reputation,father,1,2,0,no,yes,no,yes,yes,yes,yes,no,5,3,4,1,2,2,7,7,9
1080,GP,M,18,R,GT3,T,2,3,other,services,reputation,father,1,1,0,no,no,no,no,yes,yes,yes,no,3,1,3,4,5,4,13,13,14
1294,GP,F,15,U,GT3,T,1,1,other,other,home,father,1,2,0,no,yes,no,yes,no,yes,yes,no,4,3,2,2,3,4,2,9,10
1351,GP,M,16,U,LE3,T,2,2,other,other,home,mother,1,2,0,no,no,no,no,yes,yes,yes,no,4,4,4,1,1,3,0,12,12
1678,GP,F,17,U,LE3,T,2,4,services,services,course,father,1,2,0,no,no,no,yes,yes,yes,yes,yes,4,3,2,1,1,5,8,14,15
1204,GP,M,15,U,GT3,T,4,4,services,services,reputation,mother,2,2,0,no,yes,no,yes,yes,yes,yes,no,4,3,1,1,1,5,0,17,16
1271,GP,M,17,U,LE3,T,4,4,services,other,home,mother,1,2,0,no,yes,yes,no,yes,yes,yes,yes,5,3,5,4,5,3,13,12,12
1516,GP,F,18,U,LE3,T,2,1,services,at_home,reputation,mother,1,2,1,no,no,no,no,yes,yes,yes,yes,5,4,3,1,1,5,12,12,12
1602,GP,M,16,U,GT3,T,4,3,teacher,other,home,mother,1,2,0,no,yes,yes,yes,yes,yes,yes,no,3,4,3,2,3,3,4,11,10
1481,GP,M,16,U,GT3,T,4,4,teacher,teacher,course,father,1,2,0,no,yes,no,yes,yes,yes,yes,no,5,4,4,1,2,5,2,15,15
1208,GP,F,19,U,LE3,T,1,2,services,services,home,other,1,2,1,no,no,no,yes,no,yes,no,yes,4,2,4,2,2,3,0,9,9
1360,GP,F,18,U,GT3,T,3,3,services,services,home,mother,1,2,0,no,no,no,yes,yes,yes,yes,no,5,3,4,1,1,4,0,7,0
1074,GP,M,15,U,GT3,T,4,4,services,other,course,mother,1,1,0,no,yes,no,yes,no,yes,yes,no,5,3,3,1,1,5,4,10,13
1044,GP,M,15,R,GT3,T,4,4,other,other,home,father,4,4,0,no,yes,no,yes,yes,yes,yes,yes,1,3,5,3,5,1,8,12,10
1078,GP,M,17,U,LE3,T,4,4,other,teacher,home,father,2,1,0,no,no,no,no,yes,yes,yes,no,4,1,1,2,2,5,0,12,13
1055,MS,M,17,R,GT3,T,1,1,other,services,course,mother,2,1,0,no,yes,no,yes,no,yes,yes,yes,4,5,5,1,3,2,0,10,9
1394,GP,F,17,U,GT3,T,3,2,health,health,reputation,father,1,4,0,no,yes,no,yes,no,yes,yes,no,5,2,2,1,2,5,0,18,18
